area,lat,lng,osm_match
Abu Hail,25.28603,55.32887,"أبو هيل, دبي, الإمارات العربية المتحدة"
Al Mamzar,25.29900,55.34500,set by hand: OSM matched a building named Al Mamzar in Karama
Al Muraqqabat,25.26535,55.32262,"المرقبات, دبي, الإمارات العربية المتحدة"
Al Rigga,25.26724,55.31219,"الرقة, ديرة, دبي, الإمارات العربية المتحدة"
Port Saeed,25.26046,55.32963,"Port Saeed, شارع 12, بور سعيد, دبي, 22542, الإمارات العربية المتحدة"
Al Muteena,25.27415,55.32256,"المطينة, دبي, الإمارات العربية المتحدة"
Hor Al Anz,25.27830,55.33950,"هور العنز, دبي, الإمارات العربية المتحدة"
Al Garhoud,25.24948,55.33998,"القرهود, شارع 55, القرهود, دبي, الإمارات العربية المتحدة"
Dubai Festival City,25.22217,55.34908,"Dubai Festival City, الخيران, دبي, الإمارات العربية المتحدة"
Dubai Creek Harbour,25.19798,55.36038,"ميناء خور دبي, الخيران 1, دبي, الإمارات العربية المتحدة"
Al Qusais,25.27014,55.38594,"القصيص, دبي, الإمارات العربية المتحدة"
Al Nahda,25.27321,55.36948,"النهدة, شارع النهدة, الطوار 5, القصيص, دبي, الإمارات العربية المتحدة"
Al Twar,25.26243,55.37949,"الطوار, دبي, الإمارات العربية المتحدة"
Muhaisnah,25.24450,55.41810,"محيصنة, دبي, الإمارات العربية المتحدة"
Al Warqa,25.18902,55.43083,"الورقاء, Al Warqa, دبي, الإمارات العربية المتحدة"
Mirdif,25.22184,55.42315,"مردف, دبي, الإمارات العربية المتحدة"
Al Rashidiya,25.22280,55.39425,"الراشدية, دبي, الإمارات العربية المتحدة"
Nad Al Hamar,25.20189,55.37637,"Dubai Islamic Bank ATM, شارع ند الحمر, ند الحمر, دبي, الإمارات العربية المتحدة"
Al Mizhar,25.24521,55.44164,"المزهر, دبي, الإمارات العربية المتحدة"
Al Khawaneej,25.24071,55.48902,"الخوانيج, دبي, الإمارات العربية المتحدة"
Oud Al Muteena,25.27482,55.44534,"عود المطينة, دبي, الإمارات العربية المتحدة"
Al Karama,25.24821,55.30506,"الكرامة, دبي, الإمارات العربية المتحدة"
Al Mankhool,25.24951,55.29548,"المنخول, دبي, الإمارات العربية المتحدة"
Oud Metha,25.24393,55.31589,"عود ميثاء, شارع عود ميثاء, بر دبي, أم هرير 2, أم هرير, دبي, الإمارات العربية المتحدة"
Umm Hurair,25.24221,55.32178,"أم هرير, دبي, الإمارات العربية المتحدة"
Al Jaddaf,25.22144,55.33194,"Al Jaddaf, شارع 26, الجداف, دبي, الإمارات العربية المتحدة"
Dubai Healthcare City,25.23095,55.32262,"مدينة دبي الطبية, Al Madina Al Tebbia Street, مدينة دبي الطبية, أم هرير 2, أم هرير, دبي, الإمارات العربية المتحدة"
Al Jafiliya,25.23359,55.29218,"ماكس, شارع الشيخ خليفة بن زايد, بر دبي, الكفاف, زعبيل, دبي, الإمارات العربية المتحدة"
Al Satwa,25.22086,55.27376,"السطوة, دبي, الإمارات العربية المتحدة"
Al Wasl,25.19593,55.25574,"الوصل, دبي, الإمارات العربية المتحدة"
Al Safa,25.17200,55.22600,set by hand: OSM matched a shop on Sheikh Zayed Rd in Al Quoz; midpoint of Al Safa 1 and 2
Jumeirah,25.20696,55.24750,"جميرا, دبي, الإمارات العربية المتحدة"
Umm Suqeim,25.15391,55.20750,"أم سقيم, دبي, الإمارات العربية المتحدة"
Al Manara,25.14482,55.21445,"المنارة, دبي, الإمارات العربية المتحدة"
Umm Al Sheif,25.13400,55.19900,set by hand: OSM matched an office on Sheikh Zayed Rd in Al Quoz
Al Sufouh,25.09836,55.16112,"الصفوح, دبي, الإمارات العربية المتحدة"
Al Quoz,25.15958,55.25402,"القوز, دبي, الإمارات العربية المتحدة"
Al Barsha,25.09949,55.20173,"البرشاء, دبي, الإمارات العربية المتحدة"
Al Barsha South,25.07472,55.23205,"البرشاء جنوب, دبي, الإمارات العربية المتحدة"
Arjan,25.06033,55.23549,"أرجان, البرشاء جنوب 3, دبي, الإمارات العربية المتحدة"
Barsha Heights,25.09828,55.17578,"برشا هايتس, الثنية 1, دبي, الإمارات العربية المتحدة"
Dubai Media City,25.09352,55.15157,"مدينة دبي للإعلام, الصفوح, دبي, الإمارات العربية المتحدة"
Downtown Dubai,25.19484,55.27819,"وسط مدينة دبي, دبي, الإمارات العربية المتحدة"
Business Bay,25.17946,55.26837,"الخليج التجاري, دبي, الإمارات العربية المتحدة"
DIFC,25.21283,55.27763,"مركز دبي المالي العالمي, مركز التجاري 1, المركز التجاري, دبي, الإمارات العربية المتحدة"
Meydan,25.16293,55.31430,"ميدان, ند الشبا, دبي, الإمارات العربية المتحدة"
Nad Al Sheba,25.14563,55.36427,"ند الشبا, دبي, الإمارات العربية المتحدة"
Al Barari,25.08740,55.31299,"Remal Mall, Al Barari, شارع الشيخ محمد بن زايد, البراري, دبي, الإمارات العربية المتحدة"
Dubai Hills Estate,25.09454,55.24554,"Dubai Hills Sales Centre, Sidra 1, دبي هلز, دبي هيلز, حدائق الشيخ محمد بن راشد, دبي, الإمارات العربية المتحدة"
Dubai Marina,25.08300,55.14300,set by hand: OSM gave the same point as JBR; moved to the middle of the Marina
Jumeirah Beach Residence,25.07780,55.13518,"Jumeirah Beach Residence, مرسى دبي, دبي, الإمارات العربية المتحدة"
Jumeirah Lake Towers,25.07606,55.15147,"W Residences Jumeirah Lake Towers, أبراج بحيرات الجميرا, دبي, الإمارات العربية المتحدة"
Palm Jumeirah,25.11830,55.13383,"نخلة جميرا, دبي, الإمارات العربية المتحدة"
Emirates Hills,25.06671,55.16289,"Emirates Hills, تلال الإمارات, دبي, الإمارات العربية المتحدة"
The Springs,25.05997,55.18240,"الينابيع, تلال الإمارات, دبي, الإمارات العربية المتحدة"
The Meadows,25.06714,55.15679,"ميدوز, الثنية 5, دبي, الإمارات العربية المتحدة"
The Lakes,25.08086,55.16924,"The Lakes, Maeen, دبي, الإمارات العربية المتحدة"
The Greens,25.08813,55.17383,"Regent International School, شارع الخيل الأول, مدينة دبي للإعلام 2, الثنية 1, دبي, 24857, الإمارات العربية المتحدة"
Jumeirah Islands,25.05706,55.15615,"جزر الجميرا, تلال الإمارات, دبي, الإمارات العربية المتحدة"
Jumeirah Park,25.04694,55.15482,"Jumeirah Park, الثنية 5, دبي, الإمارات العربية المتحدة"
Jumeirah Golf Estates,25.01779,55.16334,"عقارات جميرا للجولف, شارع اليلايس, معيصم 1, دبي, الإمارات العربية المتحدة"
Discovery Gardens,25.03526,55.14541,"ديسكفدي جاردنز, شارع إبن بطوطة, جبل علي, ديسكفري جاردنز, دبي, الإمارات العربية المتحدة"
Al Furjan,25.03047,55.15223,"الفرجان, شارع إبن بطوطة, جبل علي, ديسكفري جاردنز, دبي, الإمارات العربية المتحدة"
Jebel Ali,24.97760,55.09107,"صيدلية لايف, شارع الجاليريا, وسط مدينة جبل علي, جبل علي الصناعية 2, دبي, الإمارات العربية المتحدة"
Dubai Investment Park,25.01087,55.16586,"Dubai Investment Park, شارع 6, مجمع دبي للاستثمار, دبي, الإمارات العربية المتحدة"
Dubai South,24.91444,55.16151,"دبي جنوب, دبي, الإمارات العربية المتحدة"
Jumeirah Village Circle,25.05659,55.20799,"قرية جميرا الدائرية, دبي, الإمارات العربية المتحدة"
Jumeirah Village Triangle,25.04984,55.19070,"قرية جميرا المثلث, District 5, البرشاء جنوب 5, دبي, الإمارات العربية المتحدة"
Dubai Sports City,25.03870,55.22438,"The Square @ISD, Dubai Sports City, شارع حصة, الحبية 4, دبي, الإمارات العربية المتحدة"
Motor City,25.04237,55.24166,"موتور سيتي, Green Community Motor City, الحبية 1, دبي, الإمارات العربية المتحدة"
Dubai Production City,25.03213,55.19127,"مدينة دبي للإنتاج, معيصم 1, دبي, الإمارات العربية المتحدة"
Arabian Ranches,25.05357,55.27548,"المرابع العربية, وادي الصفا 6, دبي, الإمارات العربية المتحدة"
Mudon,25.02041,55.26799,"مدن, الحبية 6, دبي, الإمارات العربية المتحدة"
Town Square,24.99583,55.29591,"Noor Townhouses, Town Square, Dubai, Al Yalayis 2, دبي, الإمارات العربية المتحدة"
Damac Hills,25.02813,55.26453,"Damac Hills, الحبية 3, دبي, الإمارات العربية المتحدة"
Damac Hills 2,24.98756,55.38679,"Damac Hills 2, أم نهد 4/مدينة هند 4, دبي, الإمارات العربية المتحدة"
The Sustainable City,25.02932,55.27995,"Cluster 5, The Sustainable City, Dubai, مدينة دبي المستدامة, وادي الصفا 7, دبي, الإمارات العربية المتحدة"
Dubailand,25.05866,55.24600,"Dubailand Sales office, البرشاء جنوب 3, دبي, الإمارات العربية المتحدة"
Dubai Silicon Oasis,25.12171,55.38551,"واحة دبي للسيليكون, المدينة الدولية, دبي, الإمارات العربية المتحدة"
Academic City,25.12422,55.40994,"Szabist University Dubai, Academic City, شارع الشيخ زايد بن حمدان آل نهيان, الروية, المدينة الأكاديمية, دبي, الإمارات ال"
International City,25.17517,55.41275,"Galadari, International City, شارع العوير, ورسان 2, ورسان, دبي, الإمارات العربية المتحدة"
Hatta,24.79756,56.12064,"حتا, دبي, الإمارات العربية المتحدة"
