#,Area (as written in islamabad.txt),Group,In Islamabad (ICT)?,Verdict,What I found,Sources,Remove from list?,Suggested change to islamabad.txt,Search I checked
1,D-13,Sector,Yes,Keep,"Real CDA sector, still being cleared and developed. Zameen listings are plots only (66 plots for sale). Google Maps matched 'D-13' to a street in Gulberg Greens instead of the sector.",Wikipedia sector list; Google search; Zameen,Yes,Delete line,Open search
2,D-17,Sector,Yes (Zone 2),Keep,Zone 2 of ICT. Zameen: 159 plots and 81 houses for sale. Margalla View Housing Society is inside D-17.,OpenStreetMap; Google search; Zameen,No,Remove the (?) mark,Open search
3,E-8,Sector,Yes,Keep,"Navy complex, Bahria University and senior-official homes. Gated military area: daycares inside may be service-run and missing from Google Maps.",OpenStreetMap (suburb + military area); Google search,No,Remove the (?) mark,Open search
4,E-9,Sector,Yes,Keep,Air Force headquarters and National Defence University; Air Force family housing. Gated military area.,OpenStreetMap (suburb + military area); Google search,No,Remove the (?) mark,Open search
5,E-10,Sector,Yes,Keep,Defence Complex Islamabad (DCI): gated army housing.,Wikipedia sector list; Google search (OpenStreetMap had no entry),No,Remove the (?) mark,Open search
6,E-12,Sector,Yes,Keep,"Launched by CDA in 1989 but stalled; anti-encroachment clearing under way. Zameen: 624 plots for sale, no houses mentioned.",Wikipedia sector list; Google search; Zameen,Yes,Delete line,Open search
7,E-16,Sector,Yes (Zone 2),Keep,Zone 2 near Tarnol. Cabinet Division employees' society (CDECHS). Zameen: 24 houses and 26 flats for sale.,OpenStreetMap; Google search; Zameen,No,Remove the (?) mark,Open search
8,E-17,Sector,Yes (Zone 2),Keep,"Zone 2 on GT Road. CDECHS described as an older, populated society; Faisal Residencia still developing.",Wikipedia sector list; Google search,No,Remove the (?) mark,Open search
9,F-5,Sector,Yes,Keep,"Almost entirely government and commercial buildings (provincial houses, Ministers' Enclave).",OpenStreetMap; Google search,Yes,Delete line,Open search
10,F-14,Sector,Yes,Keep,FGEHA (federal government employees' housing authority) sector; roads still under construction. Zameen: 848 plots for sale.,Wikipedia sector list; Google search; Zameen,Yes,Delete line,Open search
11,F-15,Sector,Yes,Keep,FGEHA sector still at master-plan stage.,Wikipedia sector list; Google search,Yes,Delete line,Open search
12,F-17,Sector,Yes (Zone 2),Keep,Zone 2. Tele Gardens (T&T employees' society) and MPCHS; listed on CDA's housing-schemes page.,Wikipedia sector list; Google search; CDA website,No,Remove the (?) mark,Open search
13,G-5,Sector,Yes,Keep,Diplomatic Enclave and government offices; a few government flats.,Wikipedia sector list; Google search,Yes,Delete line,Open search
14,G-12,Sector,Yes,Keep,"FGEHA says the sector is still in initial technical phases, with no launch date.",Wikipedia sector list; Google search,Yes,Delete line,Open search
15,G-16,Sector,Yes,Keep,Ministry of Interior employees' society (MIECHS). Zameen: 207 plots for sale.,Wikipedia sector list; Google search; Zameen,Yes,Delete line,Open search
16,H-9,Sector,Yes,Keep,"Houses for sale and rent. Rimsha Colony (about 2,700–3,000 households) is in H-9/2. International Islamic University campus.",Wikipedia sector list; Google search,No,Remove the (?) mark,Open search
17,H-11,Sector,Yes,Keep,Mostly universities (FAST) and a graveyard; search showed very little housing (Zameen: 1 plot for sale).,Wikipedia sector list; Google search,Yes,Delete line,Open search
18,I-11,Sector,Yes,Keep,I-11/2 is residential. Zameen: 84 houses and 265 plots for sale.,Wikipedia sector list; Google search; Zameen,No,Remove the (?) mark,Open search
19,I-15,Sector,Yes,Keep,"CDA only recently began handing over plots (about 8,600 of 10,200); few homes built yet. Zameen: 491 plots for sale.",Wikipedia sector list; Google search; Zameen,Yes,Delete line,Open search
20,I-16,Sector,Yes,Keep,Residents on Reddit say I-16/2 is the best-populated sub-sector and electricity is available. Zameen: 230 plots for sale.,Wikipedia sector list; Google search; Reddit,No,Remove the (?) mark,Open search
21,C-18,Sector,Yes,Keep,"Home of 'Rawalpindi Housing Society' (despite the name, it's in an Islamabad sector), about 35 km from Zero Point. Zameen: 82 plots for sale.",Wikipedia sector list; Google search; Zameen,Yes,Delete line,Open search
22,Media Town,Housing society,Disputed,Move to Rawalpindi list,"Google and Zameen list it under the Rawalpindi Development Authority (RDA). OpenStreetMap disagrees and places it in Islamabad next to Bahria Town Phase 2. Property sites list it as Rawalpindi, so that's how people search for it.",Google search; Zameen; OpenStreetMap,Yes,Move to rawalpindi.txt,Open search
23,Eighteen,Housing society,"No (Rawalpindi District, Punjab)",Move to Rawalpindi list,"OpenStreetMap: Phamra, Rawalpindi City Tehsil, Rawalpindi District, Punjab.",OpenStreetMap,Yes,Move to rawalpindi.txt,Open search
24,Mumtaz City,Housing society,"No (Attock District, Punjab)",Move to Rawalpindi list,"OpenStreetMap: H-19, Fateh Jang Tehsil, Attock District, Punjab (not even Rawalpindi District).",OpenStreetMap,Yes,Move to rawalpindi.txt,Open search
25,Faisal Town,Housing society,"No (Rawalpindi District, Punjab)",Move to Rawalpindi list,"OpenStreetMap: Faisal Town Phase 1 – F18, Rawalpindi District, Punjab. A property site says it is under the RDA. Marketed as Islamabad.",OpenStreetMap; Google search,Yes,Move to rawalpindi.txt,Open search
26,Defence Residency,Housing society,Yes,Merge,"A single apartment complex inside DHA Phase 2, which is already on the list.",Google search; Zameen,Yes,Delete line (covered by DHA Phase 2),Open search
27,Gulshan-e-Khudadad,Housing society,Yes,Keep,"Near I-14, Golra Mor and Peshawar Road. Small (3–7 marla) houses with electricity, water and gas.",Google search; Zameen,No,Remove the (?) mark,Open search
28,Islamabad Model Town,Housing society,Yes (Zone 4),Low priority,"On CDA's housing-scheme list (Zone 4, 423 kanal, Malot Road between Bahria Enclave and Park View City). A new gated scheme still selling plots on instalments. Not the same place as Model Town Humak, which is populated.",Google search; CDA website,Yes,Delete line,Open search
29,Ghauri Garden,Housing society,Yes,Merge,"Part of the Ghauri Town area near Tarlai Khurd and Lehtrar Road, so it's covered by 'Ghauri Town'.",Google search; Zameen,Yes,Delete line (covered by Ghauri Town),Open search
30,Margalla View Housing Society,Housing society,Yes (Zone 2),Merge,Located inside Sector D-17 (Zone 2).,Google search,Yes,Delete line (covered by D-17),Open search
31,Shaheen Town,Housing society,Yes (Zone 4),Keep,"OpenStreetMap: Shaheen Town Phase 2, Zone IV, ICT; has a family park.",OpenStreetMap,No,Remove the (?) mark,Open search
32,Burma Town,Housing society,Yes,Keep,On Lehtrar Road; described as established and densely populated. Houses for sale on Zameen.,Google search; Zameen,No,Remove the (?) mark,Open search
33,Taramri,Housing society,Yes (Zone 4),Keep,"On Lehtrar Road, Zone IV. Banks, an ID-card (NADRA) office and restaurants. OpenStreetMap spells it 'Tarramri'.",OpenStreetMap,No,Remove the (?) mark,Open search
34,Shahdara,Village / outskirts,Yes (Zone 3),Drop,"OpenStreetMap: Shahdara Khurd village, Zone III, ICT. Population not checked.",OpenStreetMap,No,"Remove the (?) mark, or delete if you only want built-up areas",Open search
35,Kuri Road,Village / outskirts,Partly (road crosses into Rawalpindi side),Drop – not an area,"A road, not an area. Runs through Kuri, Chak Shahzad and New Shakrial (ICT Zone IV). Chak Shahzad is already on the list.",OpenStreetMap,Yes,Delete line,Open search
36,Gangal,Village / outskirts,Yes (Zone 4),Merge,"Gangal East/West bus stops on the Islamabad Expressway beside Ghauri Town Phases 2–3, so it mostly overlaps 'Ghauri Town'.",OpenStreetMap,Yes,Delete line (covered by Ghauri Town),Open search
37,Humak,Village / outskirts,Yes (Zone 5),Keep,"OpenStreetMap: Model Town Humak, Zone V, ICT; government schools and a child welfare centre.",OpenStreetMap,No,Remove the (?) mark,Open search
38,Saidpur Village,Village / outskirts,Yes (Zone 3),Drop,"OpenStreetMap: Saidpur residential area, Zone III, ICT. Population not checked.",OpenStreetMap,No,"Remove the (?) mark, or delete if you only want built-up areas",Open search
39,Shah Allah Ditta,Village / outskirts,Yes (Zone 3),Drop,"OpenStreetMap's top result is the Shah Allah Ditta caves (a tourist spot), Zone III, ICT. Population not checked.",OpenStreetMap,No,"Remove the (?) mark, or delete if you only want built-up areas",Open search
40,Malpur,Village / outskirts,Yes (Zone 3),Drop,"OpenStreetMap: village 'Mal Pur', Zone III, ICT. Population not checked.",OpenStreetMap,No,"Remove the (?) mark, or delete if you only want built-up areas",Open search
41,Jhang Syedan,Village / outskirts,Yes,Keep – fix spelling,"Correct name is 'Jhangi Syedan': a village and union council (UC-45, the smallest local-government unit) in ICT near I-14 and H-15, with houses for sale. OpenStreetMap had no entry under 'Jhang Syedan'.","Google search (Wikipedia, Zameen)",No,Rename to 'Jhangi Syedan',Open search
42,Kirpa,Village / outskirts,Yes (Zone 4),Drop,"OpenStreetMap: Kirpa village, Zone IV, ICT. Population not checked.",OpenStreetMap,No,"Remove the (?) mark, or delete if you only want built-up areas",Open search