id,decision,reason_or_question,name,listing_type,google_category,area,sub_area,rating,reviews,phone,email,other_emails_on_site,website,google_maps,ages_from,ages_to,curriculum,licensed_by,evidence_ages,evidence_curriculum,evidence_licence,details_source,notes
870,keep,kindergarten - probably public [user 2026-10-07: keep],Al Durrah Kindergarten,preschool,Kindergarten,Al Dhahir,,4.6,14,+971 3 782 1316,,,,"https://www.google.com/maps/place/Al+Durrah+Kindergarten/@24.084988,55.861535,17z/data=!3m1!4b1!4m6!3m5!1s0x3e8ac0bdb225ea49:0xc8b8e96349920e89!8m2!3d24.084988!4d55.861535!16s%2Fg%2F11bbwqtk6s?authuser=0&hl=en&entry=ttu&g_ep=EgoyMDI2MTAwNC4wIKXMDSoASAFQAw%3D%3D",,,,,,,,,
832,keep,kindergarten - probably public (website is a school weebly page) [user 2026-10-07: keep],روضة الجيمي al jimi KG,preschool,Kindergarten,Al Jimi,,4.2,20,,,,http://aljimischool.weebly.com/,https://www.google.com/maps/place/%D8%B1%D9%88%D8%B6%D8%A9+%D8%A7%D9%84%D8%AC%D9%8A%D9%85%D9%8A+al+jimi+KG%E2%80%AD/data=!4m7!3m6!1s0x3e8ab3eb67a9c727:0xf8cd2278a4b8a47a!8m2!3d24.258702!4d55.7406435!16s%2Fg%2F11cs1kcbj7!19sChIJJ8epZ-uzij4ReqS4pHgizfg?authuser=0&hl=en&g_ep=EgoyMDI2MTAwNC4wIJJjKgBIAVAD&rclk=1,,,,,,,,,
844,keep,kindergarten (روضة) - probably public [user 2026-10-07: keep],روضة المقام,preschool,Preschool,Al Maqam,,4.2,11,,,,,https://www.google.com/maps/place/%D8%B1%D9%88%D8%B6%D8%A9+%D8%A7%D9%84%D9%85%D9%82%D8%A7%D9%85%E2%80%AD/data=!4m7!3m6!1s0x3e8aaf5a6d4cdc5d:0x40b62717a0e66580!8m2!3d24.1820536!4d55.6134258!16s%2Fg%2F11kz45wchk!19sChIJXdxMbVqvij4RgGXmoBcntkA?authuser=0&hl=en&g_ep=EgoyMDI2MTAwNC4wIJJjKgBIAVAD&rclk=1,,,,,,,,,
839,remove,"recreation centre (after-school, mini-gym for 5-16, 'play schema' for 2-4) - a nursery or not? [user 2026-10-07: remove]",Fun Art - فن آرت,preschool,Nursery school,Al Muwaiji,,4.8,18,+971 55 189 7083,info@funartrecreationalservices.com,,https://www.funartalain.ae/,"https://www.google.com/maps/place/Fun+Art+-+%D9%81%D9%86+%D8%A2%D8%B1%D8%AA%E2%80%AD/@24.2061056,55.7200208,17z/data=!3m1!4b1!4m6!3m5!1s0x3e8ab155838f2e35:0x672f0077fd24f535!8m2!3d24.2061056!4d55.7200208!16s%2Fg%2F11wc0nx4cc?authuser=0&hl=en&entry=ttu&g_ep=EgoyMDI2MTAwNC4wIKXMDSoASAFQAw%3D%3D",,,,,We are inviting parents to bring their 2 to 4 year olds for a new year of fun and learning.,,,https://www.funartalain.ae/,email domain is 'Fun Art Recreational Services'
865,keep,kindergarten - probably public [user 2026-10-07: keep],Al Sawsan Kindergarten,preschool,Kindergarten,Al Salamat,Al Salamat 1,4.6,9,+971 3 701 6101,,,,"https://www.google.com/maps/place/Al+Sawsan+Kindergarten/@24.2049301,55.588843,17z/data=!3m1!4b1!4m6!3m5!1s0x3e8aac0370d54afd:0x7ca48900e5cf4385!8m2!3d24.2049301!4d55.588843!16s%2Fg%2F11bbwmlcpn?authuser=0&hl=en&entry=ttu&g_ep=EgoyMDI2MTAwNC4wIKXMDSoASAFQAw%3D%3D",,,,,,,,,
857,keep,kindergarten - probably public [user 2026-10-07: keep],Al Towayya KG,preschool,Kindergarten,Al Towayya,,4.9,20,+971 3 701 6255,,,,https://www.google.com/maps/place/Al+Towayya+KG/data=!4m7!3m6!1s0x3e8ab24e2c80bccb:0xfb3bf9a914f1543d!8m2!3d24.2611543!4d55.7052299!16s%2Fg%2F11cmrw01jz!19sChIJy7yALE6yij4RPVTxFKn5O_s?authuser=0&hl=en&g_ep=EgoyMDI2MTAwNC4wIJJjKgBIAVAD&rclk=1,,,,,,,,,
823,remove,probably the same branch as 836 'Stanford Nursery Altwayia Branch' (both Al Towayya; 836 has 160 reviews) [user 2026-10-07: remove],"Stanford Nursery, Al-Tuwayyah Branch - حضانة ستانفورد فرع الطوية",preschool,Nursery school,Al Towayya,,4.9,33,+971 58 105 6965,info@stanfordnursery.com,,https://www.stanfordnursery.com/ar/visit/,"https://www.google.com/maps/place/Stanford+Nursery,+Al-Tuwayyah+Branch+-+%D8%AD%D8%B6%D8%A7%D9%86%D8%A9+%D8%B3%D8%AA%D8%A7%D9%86%D9%81%D9%88%D8%B1%D8%AF+%D9%81%D8%B1%D8%B9+%D8%A7%D9%84%D8%B7%D9%88%D9%8A%D8%A9%E2%80%AD/data=!4m7!3m6!1s0x3e8ab25b4e77c4e1:0xe5b558f34e065de1!8m2!3d24.2683139!4d55.7073294!16s%2Fg%2F11cjhkyrjn!19sChIJ4cR3Tluyij4R4V0GTvNYteU?authuser=0&hl=en&g_ep=EgoyMDI2MTAwNC4wIJJjKgBIAVAD&rclk=1",,,,,,"نقدم تعليمًا بريطانيًا عالمي المستوى (EYFS) (we offer world-class British education, EYFS)",,https://www.stanfordnursery.com/ar/visit/,
868,keep,kindergarten - probably public [user 2026-10-07: keep],Al Aamerah Kindergarten,preschool,Kindergarten,Al Yahar,,4.4,15,+971 3 701 6013,,,,"https://www.google.com/maps/place/Al+Aamerah+Kindergarten/@24.2236021,55.5335327,17z/data=!3m1!4b1!4m6!3m5!1s0x3e8aabd1906c043f:0xc8212ddba6c30c60!8m2!3d24.2236021!4d55.5335327!16s%2Fg%2F11rnck09t5?authuser=0&hl=en&entry=ttu&g_ep=EgoyMDI2MTAwNC4wIKXMDSoASAFQAw%3D%3D",,,,,,,,,
867,keep,kindergarten - probably public [user 2026-10-07: keep],Al AWael Kindergarten,preschool,Kindergarten,Al Yahar,,4.9,8,+971 3 781 1407,,,,"https://www.google.com/maps/place/Al+AWael+Kindergarten/@24.250247,55.558467,17z/data=!3m1!4b1!4m6!3m5!1s0x3e8aab6b513aa8e5:0x76b401b41399c510!8m2!3d24.250247!4d55.558467!16s%2Fg%2F11bbwpk6v4?authuser=0&hl=en&entry=ttu&g_ep=EgoyMDI2MTAwNC4wIKXMDSoASAFQAw%3D%3D",,,,,,,,,
871,keep,kindergarten - probably public [user 2026-10-07: keep],Al Taqwa Kindergarten,preschool,Kindergarten,Al Yahar,,4.5,10,+971 3 782 6746,,,,https://www.google.com/maps/place/Al+Taqwa+Kindergarten/data=!4m7!3m6!1s0x3e8aaba8e1f10c85:0x3be5c33de9285d09!8m2!3d24.2270144!4d55.5441166!16s%2Fg%2F1tjdk6m4!19sChIJhQzx4airij4RCV0o6T3D5Ts?authuser=0&hl=en&g_ep=EgoyMDI2MTAwNC4wIJJjKgBIAVAD&rclk=1,,,,,,,,,
827,remove,'Lovie Selfcare services' - may be a home-care / nanny service rather than a nursery [user 2026-10-07: remove],Lovie Selfcare services,daycare,Day care center,Central District,,5,14,+971 54 490 8340,,,,https://www.google.com/maps/place/Lovie+Selfcare+services/data=!4m7!3m6!1s0x3e8ab7ba19ab50c5:0xcc2b98cb3df3d001!8m2!3d24.2144022!4d55.7797723!16s%2Fg%2F11mrlnsvwc!19sChIJxVCrGbq3ij4RAdDzPcuYK8w?authuser=0&hl=en&g_ep=EgoyMDI2MTAwNC4wIJJjKgBIAVAD&rclk=1,,,,,,,,,
872,keep,kindergarten - probably public; Google's website link is wrong (spainforsale.properties) [user 2026-10-07: keep],Al Awael Kindergarten,preschool,Kindergarten,Falaj Hazza,,3.3,6,+971 3 781 4077,,,http://spainforsale.properties/,https://www.google.com/maps/place/Al+Awael+Kindergarten/data=!4m7!3m6!1s0x3e8ab11b346d2b09:0x2b4810c502ed0168!8m2!3d24.20046!4d55.724761!16s%2Fg%2F11bbwxcq53!19sChIJCSttNBuxij4RaAHtAsUQSCs?authuser=0&hl=en&g_ep=EgoyMDI2MTAwNC4wIJJjKgBIAVAD&rclk=1,,,,,,,,,
851,keep,kindergarten (روضة) - probably public [user 2026-10-07: keep],روضة نهيان الأول,preschool,Preschool,Zakher,,4.7,23,+971 3 701 6182,,,,https://www.google.com/maps/place/%D8%B1%D9%88%D8%B6%D8%A9+%D9%86%D9%87%D9%8A%D8%A7%D9%86+%D8%A7%D9%84%D8%A3%D9%88%D9%84%E2%80%AD/data=!4m7!3m6!1s0x3e8ab1a782582d6b:0x29eae12e295ece13!8m2!3d24.1465709!4d55.6928378!16s%2Fg%2F11kz44z1kd!19sChIJay1Ygqexij4RE85eKS7h6ik?authuser=0&hl=en&g_ep=EgoyMDI2MTAwNC4wIJJjKgBIAVAD&rclk=1,,,,,,,,,
855,remove,"'احمد مغرز هني' is a person's name (Ahmed ...); Google calls it a preschool, 11 reviews - home nursery or junk? [user 2026-10-07: remove]",احمد مغرز هني,preschool,Preschool,,,4.6,11,,,,,"https://www.google.com/maps/place/%D8%A7%D8%AD%D9%85%D8%AF+%D9%85%D8%BA%D8%B1%D8%B2+%D9%87%D9%86%D9%8A%E2%80%AD/@24.3011498,55.7367456,17z/data=!3m1!4b1!4m6!3m5!1s0x3e8ab3000fa20d63:0xf29ce3d6a156cb58!8m2!3d24.3011498!4d55.7367456!16s%2Fg%2F11w4dhwkpx?authuser=0&hl=en&entry=ttu&g_ep=EgoyMDI2MTAwNC4wIKXMDSoASAFQAw%3D%3D",,,,,,,,,
866,keep,kindergarten (روضة) - probably public [user 2026-10-07: keep],روضة الغدير,preschool,Nursery school,,,4.7,16,+971 3 716 2700,,,,https://www.google.com/maps/place/%D8%B1%D9%88%D8%B6%D8%A9+%D8%A7%D9%84%D8%BA%D8%AF%D9%8A%D8%B1%E2%80%AD/data=!4m7!3m6!1s0x3e8aafde957db26d:0xec1054bfcb9786ad!8m2!3d24.1614562!4d55.6646558!16s%2Fg%2F11b75pwklr!19sChIJbbJ9ld6vij4RrYaXy79UEOw?authuser=0&hl=en&g_ep=EgoyMDI2MTAwNC4wIJJjKgBIAVAD&rclk=1,,,,,,,,,
843,keep,,Edu Fun Nursery - Al Bateen Al Ain | حضانة اديو المرح العين,preschool,Nursery school,Al Bateen,,4.8,83,+971 58 144 9825,reception@edufun-nursery.com,,https://edufun-nursery.com/,"https://www.google.com/maps/place/Edu+Fun+Nursery+-+Al+Bateen+Al+Ain+%7C+%D8%AD%D8%B6%D8%A7%D9%86%D8%A9+%D8%A7%D8%AF%D9%8A%D9%88+%D8%A7%D9%84%D9%85%D8%B1%D8%AD+%D8%A7%D9%84%D8%B9%D9%8A%D9%86%E2%80%AD/@24.2144784,55.6339726,17z/data=!3m1!4b1!4m6!3m5!1s0x3e8ab21a0f223cb1:0x1d198918461832e8!8m2!3d24.2144784!4d55.6339726!16s%2Fg%2F1pp2vbbpn?authuser=0&hl=en&entry=ttu&g_ep=EgoyMDI2MTAwNC4wIKXMDSoASAFQAw%3D%3D",45 days,4 years,British (EYFS),,Registration at Edu Fun is for children 45 days to four years of age.,We comply with EYFS standards ... What are the prime areas of learning in the EYFS?,,https://edufun-nursery.com/,
869,keep,,English Garden Nursery,preschool,Kindergarten,Al Dhahir,,4,31,+971 50 735 0781,,,,"https://www.google.com/maps/place/English+Garden+Nursery/@24.0896367,55.8478264,17z/data=!3m1!4b1!4m6!3m5!1s0x3e8ac1874300aed3:0x8293c5a52bda58e3!8m2!3d24.0896367!4d55.8478264!16s%2Fg%2F11rw7mqx_1?authuser=0&hl=en&entry=ttu&g_ep=EgoyMDI2MTAwNC4wIKXMDSoASAFQAw%3D%3D",,,,,,,,,
863,keep,,Smart Leaders Kids Nursery Al-Ain,preschool,Nursery school,Al Dhahir,,4.5,36,+971 50 739 0180,,,https://dhaheris.ae/,"https://www.google.com/maps/place/Smart+Leaders+Kids+Nursery+Al-Ain/@24.0879746,55.8323777,17z/data=!3m1!4b1!4m6!3m5!1s0x3e8abf4f047d7e4d:0x26e3c7a4b17d5fe!8m2!3d24.0879746!4d55.8323777!16s%2Fg%2F11c3k55qth?authuser=0&hl=en&entry=ttu&g_ep=EgoyMDI2MTAwNC4wIKXMDSoASAFQAw%3D%3D",,,,,,,,,website dhaheris.ae is dead
862,keep,,حضانة فتافيت السكر,preschool,Nursery school,Al Foah,,4.4,42,+971 3 766 1651,,,,https://www.google.com/maps/place/%D8%AD%D8%B6%D8%A7%D9%86%D8%A9+%D9%81%D8%AA%D8%A7%D9%81%D9%8A%D8%AA+%D8%A7%D9%84%D8%B3%D9%83%D8%B1%E2%80%AD/data=!4m7!3m6!1s0x3ef54b3f22eaae3f:0x4b26e77c53f32505!8m2!3d24.3499914!4d55.7822472!16s%2Fg%2F11crztt9ny!19sChIJP67qIj9L9T4RBSXzU3znJks?authuser=0&hl=en&g_ep=EgoyMDI2MTAwNC4wIJJjKgBIAVAD&rclk=1,,,,,,,,,
820,keep,,Al Hanan Nursery,preschool,Nursery school,Al Jahili,,5,2,+971 55 557 3379,,,,"https://www.google.com/maps/place/Al+Hanan+Nursery/@24.2175559,55.7499055,17z/data=!3m1!4b1!4m6!3m5!1s0x3e8ab1433893156f:0x893697d44887151b!8m2!3d24.2175559!4d55.7499055!16s%2Fg%2F11y6s2tp6r?authuser=0&hl=en&entry=ttu&g_ep=EgoyMDI2MTAwNC4wIKXMDSoASAFQAw%3D%3D",,,,,,,,,
818,keep,,Al Dhafra Private Nursery Al Ain - حضانة الظفرة الخاصة‎,preschool,Nursery school,Al Jimi,,5,1,+971 50 333 1875,principal@dhafranursery.com,recruitment@dhafranursery.com,https://dhafranursery.com/,"https://www.google.com/maps/place/Al+Dhafra+Private+Nursery+Al+Ain+-+%D8%AD%D8%B6%D8%A7%D9%86%D8%A9+%D8%A7%D9%84%D8%B8%D9%81%D8%B1%D8%A9+%D8%A7%D9%84%D8%AE%D8%A7%D8%B5%D8%A9%E2%80%8E%E2%80%AD/@24.2698596,55.7213032,17z/data=!3m1!4b1!4m6!3m5!1s0x3e8ab34d910b3f85:0xf81a8056d77947ef!8m2!3d24.2698596!4d55.7213032!16s%2Fg%2F11mgzjlhzj?authuser=0&hl=en&entry=ttu&g_ep=EgoyMDI2MTAwNC4wIKXMDSoASAFQAw%3D%3D",,,British (EYFS); Reggio Emilia,ADEK,,EYFS sets the goals for every child's holistic development ... while using the Reggio Emilia approach,Extended hours' fees will be calculated as per ADEK Fee Policy,https://dhafranursery.com/,"publishes fees (AED 18,000-20,000 a year)"
828,keep,,Happy Days 4 Kids,daycare,Day care center,Al Jimi,,4.5,57,+971 50 692 2090,,,https://www.instagram.com/happydays4kids.ae/,"https://www.google.com/maps/place/Happy+Days+4+Kids/@24.2412569,55.7231988,17z/data=!3m1!4b1!4m6!3m5!1s0x3e8ab3ec7593999d:0xc3a36207700d3be8!8m2!3d24.2412569!4d55.7231988!16s%2Fg%2F11bxb9nrjs?authuser=0&hl=en&entry=ttu&g_ep=EgoyMDI2MTAwNC4wIKXMDSoASAFQAw%3D%3D",,,,,,,,,
829,keep,,Jack and Jill Nursery,preschool,Nursery school,Al Jimi,,4.5,28,+971 58 554 8480,info@jackandjill.ae,hello.jackandjillnurseries@gmail.com,https://www.jackandjill.ae/,"https://www.google.com/maps/place/Jack+and+Jill+Nursery/@24.2360815,55.7365179,17z/data=!3m1!4b1!4m6!3m5!1s0x3e8ab100c3668995:0x33a6f2acd9a6afbf!8m2!3d24.2360815!4d55.7365179!16s%2Fg%2F11pbffwmlb?authuser=0&hl=en&entry=ttu&g_ep=EgoyMDI2MTAwNC4wIKXMDSoASAFQAw%3D%3D",,5 years,British (EYFS),ADEK,We are committed to the education of children from 0-5 years.,Jack & Jill Nursery follows the British EYFS curriculum,with ADEK accredited & qualified staff,https://www.jackandjill.ae/,site describes the Abu Dhabi nursery; same group
831,keep,,Kids nest nursery,preschool,Kindergarten,Al Khabisi,,4.2,18,+971 3 761 6239,,,https://kidsnest.web5msserver.com/,"https://www.google.com/maps/place/Kids+nest+nursery/@24.2422617,55.7073177,17z/data=!3m1!4b1!4m6!3m5!1s0x3e8ab231b486c5d3:0x586b16b8c8c65117!8m2!3d24.2422617!4d55.7073177!16s%2Fg%2F11csqqwmkf?authuser=0&hl=en&entry=ttu&g_ep=EgoyMDI2MTAwNC4wIKXMDSoASAFQAw%3D%3D",,,,,,,,,
842,keep,,حضانات الغد – المقام 1 Al Ghad Nurseries – Al Maqam 1,preschool,Nursery school,Al Maqam,,3.5,8,+971 2 584 4509,,,https://www.adek.gov.ae/,https://www.google.com/maps/place/%D8%AD%D8%B6%D8%A7%D9%86%D8%A7%D8%AA+%D8%A7%D9%84%D8%BA%D8%AF+%E2%80%93+%D8%A7%D9%84%D9%85%D9%82%D8%A7%D9%85+1+Al+Ghad+Nurseries+%E2%80%93+Al+Maqam+1%E2%80%AD/data=!4m7!3m6!1s0x3e8aaf352d12d6e3:0xb27bf97ffba60961!8m2!3d24.1916874!4d55.6326092!16s%2Fg%2F11yj761cpx!19sChIJ49YSLTWvij4RYQmm-3_5e7I?authuser=0&hl=en&g_ep=EgoyMDI2MTAwNC4wIJJjKgBIAVAD&rclk=1,3 months,4 years,,ADEK,Children between the ages 3 months to 4 years (ADEK page on Al Ghad Nurseries),,Al Ghad Nurseries are ADEK's public nurseries,https://www.adek.gov.ae/,public nursery run by ADEK - kept in Abu Dhabi
834,keep,,Planets Al Montessori Nursery,preschool,Kindergarten,Al Markhaniya,,4.3,34,+971 54 423 9977,,,https://planets-montessori.com/,"https://www.google.com/maps/place/Planets+Al+Montessori+Nursery/@24.2265075,55.6559446,17z/data=!3m1!4b1!4m6!3m5!1s0x3e8ab1f2586b7667:0xc6405354cfdfd6f6!8m2!3d24.2265075!4d55.6559446!16s%2Fg%2F11bbwwtwt_?authuser=0&hl=en&entry=ttu&g_ep=EgoyMDI2MTAwNC4wIKXMDSoASAFQAw%3D%3D",,,,,,,,,
847,keep,,حضانة الخطوة الذكية Smart Step Nursery,preschool,Nursery school,Al Markhaniya,,3.7,7,+971 3 767 3322,,,,https://www.google.com/maps/place/%D8%AD%D8%B6%D8%A7%D9%86%D8%A9+%D8%A7%D9%84%D8%AE%D8%B7%D9%88%D8%A9+%D8%A7%D9%84%D8%B0%D9%83%D9%8A%D8%A9+Smart+Step+Nursery%E2%80%AD/data=!4m7!3m6!1s0x3e8aaf4624a8cfdb:0x99a7da0577cf3edf!8m2!3d24.2193221!4d55.6674474!16s%2Fg%2F11f9xxln26!19sChIJ28-oJEavij4R3z7PdwXap5k?authuser=0&hl=en&g_ep=EgoyMDI2MTAwNC4wIJJjKgBIAVAD&rclk=1,,,,,,,,,
821,keep,,حضانة ليتل هاند,preschool,Nursery school,Al Markhaniya,,5,139,+971 52 800 3704,,,,"https://www.google.com/maps/place/%D8%AD%D8%B6%D8%A7%D9%86%D8%A9+%D9%84%D9%8A%D8%AA%D9%84+%D9%87%D8%A7%D9%86%D8%AF%E2%80%AD/@24.2222361,55.6624862,17z/data=!3m1!4b1!4m6!3m5!1s0x3e8aadfc33c71dd3:0xe7ea82a573750797!8m2!3d24.2222361!4d55.6624862!16s%2Fg%2F11f03tnc1k?authuser=0&hl=en&entry=ttu&g_ep=EgoyMDI2MTAwNC4wIKXMDSoASAFQAw%3D%3D",,,,,,,,,
811,keep,,GOLDEN BELL NURSERY,preschool,Nursery school,Al Mutarad,,4.6,44,+971 50 231 1716,,,,"https://www.google.com/maps/place/GOLDEN+BELL+NURSERY/@24.228596,55.759142,17z/data=!3m1!4b1!4m6!3m5!1s0x3e8ab6b35fb58913:0x26550921fed01f2a!8m2!3d24.228596!4d55.759142!16s%2Fg%2F1q67f09yc?authuser=0&hl=en&entry=ttu&g_ep=EgoyMDI2MTAwNC4wIKXMDSoASAFQAw%3D%3D",,,,,,,,,
815,keep,,Kids Land Nursery,preschool,Nursery school,Al Muwaiji,,4.6,88,+971 3 767 7611,,,https://www.kidsland.ae/,"https://www.google.com/maps/place/Kids+Land+Nursery/@24.2129776,55.6975091,17z/data=!3m1!4b1!4m6!3m5!1s0x3e8ab191518cf773:0xed5ebeab3b958abb!8m2!3d24.2129776!4d55.6975091!16s%2Fg%2F11b6bmvp12?authuser=0&hl=en&entry=ttu&g_ep=EgoyMDI2MTAwNC4wIKXMDSoASAFQAw%3D%3D",,,,,,,,,
830,keep,,Teddy's Inn Nursery,preschool,Nursery school,Al Muwaiji,,4.2,34,+971 3 766 5040,,,,https://www.google.com/maps/place/Teddy%27s+Inn+Nursery/data=!4m7!3m6!1s0x3e8ab1779d08088f:0x26fc668a10440a19!8m2!3d24.2215805!4d55.7153853!16s%2Fg%2F11bxc3x8qh!19sChIJjwgInXexij4RGQpEEIpm_CY?authuser=0&hl=en&g_ep=EgoyMDI2MTAwNC4wIJJjKgBIAVAD&rclk=1,,,,,,,,,
822,keep,,Teddy Bear Nursery - Al Qattara,preschool,Nursery school,Al Qattara,,4.9,46,+971 56 511 3433,enquiries@teddybearnurseries.com,admissions@teddybearnursery.net,https://teddybearnurseries.com/,"https://www.google.com/maps/place/Teddy+Bear+Nursery+-+Al+Qattara/@24.2696929,55.7472969,17z/data=!3m1!4b1!4m6!3m5!1s0x3e8ab390a629d427:0x65b6fc218c58af!8m2!3d24.2696929!4d55.7472969!16s%2Fg%2F11td68yc6d?authuser=0&hl=en&entry=ttu&g_ep=EgoyMDI2MTAwNC4wIKXMDSoASAFQAw%3D%3D",45 days,4 years,American,ADEK,we provide children from 45 days to four years old,The Creative Curriculum© (American early-years curriculum),We are routinely assessed by ADEK inspectors and Civil Defense.,https://teddybearnurseries.com/,part of Liwa Education
845,keep,,Life Time Nursery حضانة لايف تايم,preschool,Nursery school,Al Salamat,Al Salamat 2,4.1,17,+971 50 283 9933,,,,https://www.google.com/maps/place/Life+Time+Nursery+%D8%AD%D8%B6%D8%A7%D9%86%D8%A9+%D9%84%D8%A7%D9%8A%D9%81+%D8%AA%D8%A7%D9%8A%D9%85%E2%80%AD/data=!4m7!3m6!1s0x3e8aad52e903a17f:0x6b75648e0257f395!8m2!3d24.2167427!4d55.5887519!16s%2Fg%2F11mwjhlyx4!19sChIJf6ED6VKtij4RlfNXAo5kdWs?authuser=0&hl=en&g_ep=EgoyMDI2MTAwNC4wIJJjKgBIAVAD&rclk=1,,,,,,,,,
819,keep,,AL DANA NURSERY,preschool,Kindergarten,Al Sarooj,,3.9,38,+971 50 330 5374,,,,"https://www.google.com/maps/place/AL+DANA+NURSERY/@24.1902939,55.8104215,17z/data=!3m1!4b1!4m6!3m5!1s0x3e8ab7b83806b46d:0xbf19f0d45f2808f5!8m2!3d24.1902939!4d55.8104215!16s%2Fg%2F11q4d0_112?authuser=0&hl=en&entry=ttu&g_ep=EgoyMDI2MTAwNC4wIKXMDSoASAFQAw%3D%3D",,,,,,,,,
810,keep,,"Blossom Nursery - Al Sarouj, Al Ain",preschool,Nursery school,Al Sarooj,,4.8,40,+971 800 6877379,,,https://www.theblossomnursery.com/nurseries/blossom-al-ain-ae-01-20?utm_source=gmb&utm_medium=direct,"https://www.google.com/maps/place/Blossom+Nursery+-+Al+Sarouj,+Al+Ain/@24.1983225,55.8063389,17z/data=!3m1!4b1!4m6!3m5!1s0x3e8ab7f0883c3b43:0x115af7fedb1b66a!8m2!3d24.1983225!4d55.8063389!16s%2Fg%2F11j1msfx_1?authuser=0&hl=en&entry=ttu&g_ep=EgoyMDI2MTAwNC4wIKXMDSoASAFQAw%3D%3D",45 days,4 years,British (EYFS); Reggio Emilia,,Ages: 45 days to 4 years (FS1),We combine the British EYFS framework with the Reggio Emilia philosophy,,https://www.theblossomnursery.com/nurseries/blossom-al-ain-ae-01-20,
859,keep,,LITTLE MIRACLES NURSERY,preschool,Nursery school,Al Sarooj,,2.2,5,+971 3 762 8020,,,,"https://www.google.com/maps/place/LITTLE+MIRACLES+NURSERY/@24.2018156,55.7994387,17z/data=!3m1!4b1!4m6!3m5!1s0x3e8ab76dbeed0bb5:0xea65051da7715d15!8m2!3d24.2018156!4d55.7994387!16s%2Fg%2F11ghlwq6pg?authuser=0&hl=en&entry=ttu&g_ep=EgoyMDI2MTAwNC4wIKXMDSoASAFQAw%3D%3D",,,,,,,,,
813,keep,,"Stanford Nursery, Al-sarouj Branch - حضانة ستانفورد فرع الصاروج",preschool,Nursery school,Al Sarooj,,4.6,56,+971 58 105 6966,info@stanfordnursery.com,,https://www.stanfordnursery.com/ar/visit/,"https://www.google.com/maps/place/Stanford+Nursery,+Al-sarouj+Branch+-+%D8%AD%D8%B6%D8%A7%D9%86%D8%A9+%D8%B3%D8%AA%D8%A7%D9%86%D9%81%D9%88%D8%B1%D8%AF+%D9%81%D8%B1%D8%B9+%D8%A7%D9%84%D8%B5%D8%A7%D8%B1%D9%88%D8%AC%E2%80%AD/data=!4m7!3m6!1s0x3e8aba853634c457:0xba5ea8136393745a!8m2!3d24.1901541!4d55.810533!16s%2Fg%2F11bwfkmwsm!19sChIJV8Q0NoW6ij4RWnSTYxOoXro?authuser=0&hl=en&g_ep=EgoyMDI2MTAwNC4wIJJjKgBIAVAD&rclk=1",,,British (EYFS),,,"نقدم تعليمًا بريطانيًا عالمي المستوى (EYFS) (we offer world-class British education, EYFS)",,https://www.stanfordnursery.com/ar/visit/,
840,keep,,Little Leaders Nursery - Al Ain,preschool,Kindergarten,Al Towayya,,4.4,5,+971 56 448 1441,,,http://www.instagram.com/littleleaderin,"https://www.google.com/maps/place/Little+Leaders+Nursery+-+Al+Ain/@24.2419956,55.71347,17z/data=!3m1!4b1!4m6!3m5!1s0x3e8ab33fb5ca3d67:0x34618ba8552cad05!8m2!3d24.2419956!4d55.71347!16s%2Fg%2F11r_djs48m?authuser=0&hl=en&entry=ttu&g_ep=EgoyMDI2MTAwNC4wIKXMDSoASAFQAw%3D%3D",,,,,,,,,
812,keep,,Little Pearls Nursery - AlAin,preschool,Nursery school,Al Towayya,,4.2,17,+971 3 767 3544,littlepearlsnursery@gmail.com,,https://uae.littlepearlsnursery.com/,"https://www.google.com/maps/place/Little+Pearls+Nursery+-+AlAin/@24.2678888,55.7196028,17z/data=!3m1!4b1!4m6!3m5!1s0x3e8ab3ae86c80119:0x1e830b3684ec2014!8m2!3d24.2678888!4d55.7196028!16s%2Fg%2F11b7tj7syp?authuser=0&hl=en&entry=ttu&g_ep=EgoyMDI2MTAwNC4wIKXMDSoASAFQAw%3D%3D",1 years,4 years,British (EYFS); Montessori,,We accept children from 1 year of age until their fourth birthday.,We follow UK EYFS (Early Years Foundation Stage) Curriculum Framework; combining the Early Years Foundation stage profile with the Montessori methods,,https://uae.littlepearlsnursery.com/,
836,keep,,Stanford Nursery Altwayia Branch - حضانه ستانفورد فرع الطويه,preschool,Kindergarten,Al Towayya,,4.8,160,+971 58 105 6965,info@stanfordnursery.com,,https://stanfordnursery.com/,https://www.google.com/maps/place/Stanford+Nursery+Altwayia+Branch+-+%D8%AD%D8%B6%D8%A7%D9%86%D9%87+%D8%B3%D8%AA%D8%A7%D9%86%D9%81%D9%88%D8%B1%D8%AF+%D9%81%D8%B1%D8%B9+%D8%A7%D9%84%D8%B7%D9%88%D9%8A%D9%87%E2%80%AD/data=!4m7!3m6!1s0x3e8ab357105a7277:0x33b3e9dc920eb6f7!8m2!3d24.2594881!4d55.6974194!16s%2Fg%2F11pc9_jfxp!19sChIJd3JaEFezij4R97YOktzpszM?authuser=0&hl=en&g_ep=EgoyMDI2MTAwNC4wIJJjKgBIAVAD&rclk=1,,,British (EYFS),,,منهج EYFS البريطاني المعتمد (accredited British EYFS curriculum),,https://stanfordnursery.com/,
856,keep,,الحضانة الخضراء,preschool,Nursery school,Al Towayya,,4.8,9,+971 55 127 7616,,,,"https://www.google.com/maps/place/%D8%A7%D9%84%D8%AD%D8%B6%D8%A7%D9%86%D8%A9+%D8%A7%D9%84%D8%AE%D8%B6%D8%B1%D8%A7%D8%A1%E2%80%AD/@24.2723527,55.713094,17z/data=!3m1!4b1!4m6!3m5!1s0x3e8ab254815d6ca5:0x7349118a3c75eec3!8m2!3d24.2723527!4d55.713094!16s%2Fg%2F11cm433t_3?authuser=0&hl=en&entry=ttu&g_ep=EgoyMDI2MTAwNC4wIKXMDSoASAFQAw%3D%3D",,,,,,,,,
853,keep,,Salam Kids Nursery,preschool,Nursery school,Al Yahar,,4.6,11,+971 50 330 5210,,,,https://www.google.com/maps/place/Salam+Kids+Nursery/data=!4m7!3m6!1s0x3e8aab5f0599bd1b:0xb3d942461959a41d!8m2!3d24.2401535!4d55.5724954!16s%2Fg%2F11vt83mv0b!19sChIJG72ZBV-rij4RHaRZGUZC2bM?authuser=0&hl=en&g_ep=EgoyMDI2MTAwNC4wIJJjKgBIAVAD&rclk=1,,,,,,,,,
852,keep,,حضانة المتحدة الخاصة / United Private Nursery,preschool,Kindergarten,Al Yahar,,5,46,+971 50 829 8586,,,,"https://www.google.com/maps/place/%D8%AD%D8%B6%D8%A7%D9%86%D8%A9+%D8%A7%D9%84%D9%85%D8%AA%D8%AD%D8%AF%D8%A9+%D8%A7%D9%84%D8%AE%D8%A7%D8%B5%D8%A9+%2F+United+Private+Nursery%E2%80%AD/@24.2273986,55.5604807,17z/data=!3m1!4b1!4m6!3m5!1s0x3e8aab81daf666c3:0x4b7218c8788a618a!8m2!3d24.2273986!4d55.5604807!16s%2Fg%2F11pv632srv?authuser=0&hl=en&entry=ttu&g_ep=EgoyMDI2MTAwNC4wIKXMDSoASAFQAw%3D%3D",,,,,,,,,
864,keep,,حضانة ليتل هاند اليحر,preschool,Kindergarten,Al Yahar,,4.8,45,+971 58 112 0870,,,,"https://www.google.com/maps/place/%D8%AD%D8%B6%D8%A7%D9%86%D8%A9+%D9%84%D9%8A%D8%AA%D9%84+%D9%87%D8%A7%D9%86%D8%AF+%D8%A7%D9%84%D9%8A%D8%AD%D8%B1%E2%80%AD/@24.2327438,55.5709232,17z/data=!3m1!4b1!4m6!3m5!1s0x3e8aab004eb25133:0xfba1e1a1512c03d8!8m2!3d24.2327438!4d55.5709232!16s%2Fg%2F11vwwcqggc?authuser=0&hl=en&entry=ttu&g_ep=EgoyMDI2MTAwNC4wIKXMDSoASAFQAw%3D%3D",,,,,,,,,
816,keep,,lavender nursery,preschool,Kindergarten,Asharej,,4.7,156,+971 56 205 1094,lavendernurseryalain@gmail.com,,https://www.lavender-nursery-alain.xyz/,https://www.google.com/maps/place/lavender+nursery/data=!4m7!3m6!1s0x3e8ab1edc0f034a9:0x308af55734889460!8m2!3d24.2128782!4d55.6843424!16s%2Fg%2F11c74_jfgt!19sChIJqTTwwO2xij4RYJSINFf1ijA?authuser=0&hl=en&g_ep=EgoyMDI2MTAwNC4wIJJjKgBIAVAD&rclk=1,45 days,4 years,,ADEK,"We provide a warm, stimulating environment for children from 45 days to 4 years old",a structured early years curriculum (no named framework),Licensed & supervised by ADEK (Abu Dhabi Department of Education),https://www.lavender-nursery-alain.xyz/,
833,keep,,Little Regent Nursery Al Ain,preschool,Nursery school,Asharej,,4.4,21,+971 3 762 0098,,,http://www.littleregentnursery.ae/,"https://www.google.com/maps/place/Little+Regent+Nursery+Al+Ain/@24.202061,55.6531596,17z/data=!3m1!4b1!4m6!3m5!1s0x3e8aae11586d5641:0x142ddbb618c5bd00!8m2!3d24.202061!4d55.6531596!16s%2Fg%2F11bwh5sp00?authuser=0&hl=en&entry=ttu&g_ep=EgoyMDI2MTAwNC4wIKXMDSoASAFQAw%3D%3D",,,,,,,,,
809,keep,,Al Ain Juniors Nursery,preschool,Preschool,Central District,,4.8,52,+971 3 766 0092,info@alainjuniors.com,,https://alainjuniors.com/affordable-nursery-al-ain,"https://www.google.com/maps/place/Al+Ain+Juniors+Nursery/@24.229496,55.759005,17z/data=!3m1!4b1!4m6!3m5!1s0x3e8ab6b34111bb03:0x19eb45b6f34669!8m2!3d24.229496!4d55.759005!16s%2Fg%2F1tfwnfh6?authuser=0&hl=en&entry=ttu&g_ep=EgoyMDI2MTAwNC4wIKXMDSoASAFQAw%3D%3D",2 years,4 years,British (EYFS),ADEK,We currently accept children from 2 years to 4 years old,Our curriculum is based on the British Early Years Foundation Stage framework,The above fee schedule is in accordance with the Ministry of Education and ADEK guidelines and approvals.,https://alainjuniors.com/affordable-nursery-al-ain,site is shared with Al Ain Juniors School (British and CBSE)
826,keep,,Hello Kids Children Development center Branch-5,daycare,Day care center,Central District,,5,14,+971 54 358 2176,,,,https://www.google.com/maps/place/Hello+Kids+Children+Development+center+Branch-5/data=!4m7!3m6!1s0x3e8ab77a90857909:0xcfa498e5d9a05881!8m2!3d24.2246318!4d55.7594304!16s%2Fg%2F11zd4j_791!19sChIJCXmFkHq3ij4RgVig2eWYpM8?authuser=0&hl=en&g_ep=EgoyMDI2MTAwNC4wIJJjKgBIAVAD&rclk=1,,,,,,,,,Hello Kids branch - the Abu Dhabi branches were kept
838,keep,,Abu Dhabi police nursery / al ain branch,preschool,Nursery school,Falaj Hazza,,3.7,3,,,,,https://www.google.com/maps/place/Abu+Dhabi+police+nursery+%2F+al+ain+branch/data=!4m7!3m6!1s0x3e8ab1c969e3a215:0x320fe14ca52880f0!8m2!3d24.1878518!4d55.7255436!16s%2Fg%2F11ghq43_vr!19sChIJFaLjacmxij4R8IAopUzhDzI?authuser=0&hl=en&g_ep=EgoyMDI2MTAwNC4wIJJjKgBIAVAD&rclk=1,,,,,,,,,workplace nursery (Abu Dhabi Police)
837,keep,,Fun Time Nursery حضانة فن تايم,preschool,Nursery school,Falaj Hazza,,5,32,+971 3 753 2224,,,,"https://www.google.com/maps/place/Fun+Time+Nursery+%D8%AD%D8%B6%D8%A7%D9%86%D8%A9+%D9%81%D9%86+%D8%AA%D8%A7%D9%8A%D9%85%E2%80%AD/@24.1927819,55.7305223,17z/data=!3m1!4b1!4m6!3m5!1s0x3e8ab1005e6d2955:0x8c1f3a853cc3a38f!8m2!3d24.1927819!4d55.7305223!16s%2Fg%2F11v3tycn75?authuser=0&hl=en&entry=ttu&g_ep=EgoyMDI2MTAwNC4wIKXMDSoASAFQAw%3D%3D",,,,,,,,,
841,keep,,Headstart Nursery LLC FALAJ HAZAA,preschool,Nursery school,Falaj Hazza,,4.7,46,+971 3 737 4677,rawan@headstartalain.com,1@headstartalain.com,http://www.headstartnursery.ae/,"https://www.google.com/maps/place/Headstart+Nursery+LLC+FALAJ+HAZAA/@24.1890732,55.7301579,17z/data=!3m1!4b1!4m6!3m5!1s0x3e8ab0e6a122d4a7:0xb347f1cc68a5ed4!8m2!3d24.1890732!4d55.7301579!16s%2Fg%2F11bbwn_q_r?authuser=0&hl=en&entry=ttu&g_ep=EgoyMDI2MTAwNC4wIKXMDSoASAFQAw%3D%3D",1 years,4 years,British (EYFS),,Admissions enquiries are open for children aged 1 to 4 years old,"BRITISH EYFS NURSERY · FALAJ HAZZA, AL AIN",,http://www.headstartnursery.ae/,the only other address on the site is 1@headstartalain.com
825,keep,,House of Colours Nursery,preschool,Preschool,Falaj Hazza,,4.2,38,+971 3 761 2204,info@nurserycolours.com,,http://nurserycolours.com/,"https://www.google.com/maps/place/House+of+Colours+Nursery/@24.1928859,55.7096797,17z/data=!3m1!4b1!4m6!3m5!1s0x3e8ab3d2b3d38463:0x8d883364e3ac3cec!8m2!3d24.1928859!4d55.7096797!16s%2Fg%2F11cmkvrbct?authuser=0&hl=en&entry=ttu&g_ep=EgoyMDI2MTAwNC4wIKXMDSoASAFQAw%3D%3D",1 years,4 years,British (EYFS),ADEK,Age Groups: Enrolling Children Aged 1-4 Years,We follow the Early Years Foundation Stage (EYFS),House of Colours Nursery admits students only on stage basis ... according to ADEK Calendar; students registered in eSIS,http://nurserycolours.com/,
814,keep,,Sunflower Nursery,preschool,Kindergarten,Falaj Hazza,,3.9,11,+971 3 766 0297,,,http://www.sunflowernursery.ae/,"https://www.google.com/maps/place/Sunflower+Nursery/@24.1859132,55.7325139,17z/data=!3m1!4b1!4m6!3m5!1s0x3e8ab0e62d88296d:0x715956bbbb4d728a!8m2!3d24.1859132!4d55.7325139!16s%2Fg%2F11bwpz3565?authuser=0&hl=en&entry=ttu&g_ep=EgoyMDI2MTAwNC4wIKXMDSoASAFQAw%3D%3D",,,,,,,,,
860,keep,,حضانة صن فلاور,preschool,Nursery school,Falaj Hazza,,3.7,3,,,,,"https://www.google.com/maps/place/%D8%AD%D8%B6%D8%A7%D9%86%D8%A9+%D8%B5%D9%86+%D9%81%D9%84%D8%A7%D9%88%D8%B1%E2%80%AD/@24.185706,55.7324698,17z/data=!3m1!4b1!4m6!3m5!1s0x3e8ab0e62e839be5:0x105e3df4b62b699e!8m2!3d24.185706!4d55.7324698!16s%2Fg%2F11c31qvjkn?authuser=0&hl=en&entry=ttu&g_ep=EgoyMDI2MTAwNC4wIKXMDSoASAFQAw%3D%3D",,,,,,,,,
861,keep,,Belvedere International Nursery,preschool,Nursery school,Hili,,5,16,+971 56 369 1349,,,,https://www.google.com/maps/place/Belvedere+International+Nursery/data=!4m7!3m6!1s0x3e8ab50d442cc343:0x3a55fafed124f36b!8m2!3d24.3133345!4d55.7877617!16s%2Fg%2F11wfrvnxfs!19sChIJQ8MsRA21ij4Ra_Mk0f76VTo?authuser=0&hl=en&g_ep=EgoyMDI2MTAwNC4wIJJjKgBIAVAD&rclk=1,,,,,,,,,
858,keep,,Letters & Numbers Nursery-حضانة الحروف والأرقام,preschool,Nursery school,Hili,,4.8,24,+971 3 766 0017,,,https://www.instagram.com/letters_number,"https://www.google.com/maps/place/Letters+%26+Numbers+Nursery-%D8%AD%D8%B6%D8%A7%D9%86%D8%A9+%D8%A7%D9%84%D8%AD%D8%B1%D9%88%D9%81+%D9%88%D8%A7%D9%84%D8%A3%D8%B1%D9%82%D8%A7%D9%85%E2%80%AD/@24.2878822,55.7623779,17z/data=!3m1!4b1!4m6!3m5!1s0x3e8ab480c7369e3b:0xb4579b1f3612be89!8m2!3d24.2878822!4d55.7623779!16s%2Fg%2F11dyxl2jdc?authuser=0&hl=en&entry=ttu&g_ep=EgoyMDI2MTAwNC4wIKXMDSoASAFQAw%3D%3D",,,,,,,,,
817,keep,,Edu Fun Nursery - Zakher Al Ain | حضانة اديو المرح العين,preschool,Nursery school,Zakher,,4.7,65,+971 50 471 0376,reception@edufun-nursery.com,,https://edufun-nursery.com/,https://www.google.com/maps/place/Edu+Fun+Nursery+-+Zakher+Al+Ain+%7C+%D8%AD%D8%B6%D8%A7%D9%86%D8%A9+%D8%A7%D8%AF%D9%8A%D9%88+%D8%A7%D9%84%D9%85%D8%B1%D8%AD+%D8%A7%D9%84%D8%B9%D9%8A%D9%86%E2%80%AD/data=!4m7!3m6!1s0x3e8ab17f25cd8653:0xe917b8140f7759e3!8m2!3d24.146865!4d55.6802559!16s%2Fg%2F11j1svmxcz!19sChIJU4bNJX-xij4R41l3DxS4F-k?authuser=0&hl=en&g_ep=EgoyMDI2MTAwNC4wIJJjKgBIAVAD&rclk=1,45 days,4 years,British (EYFS),,Registration at Edu Fun is for children 45 days to four years of age.,We comply with EYFS standards ... What are the prime areas of learning in the EYFS?,,https://edufun-nursery.com/,
848,keep,,grandmas home nursery,preschool,Kindergarten,Zakher,,4.7,22,+971 3 734 3241,,,,"https://www.google.com/maps/place/grandmas+home+nursery/@24.1387301,55.6965027,17z/data=!3m1!4b1!4m6!3m5!1s0x3e8abb969742c48d:0x37a6293665f25d38!8m2!3d24.1387301!4d55.6965027!16s%2Fg%2F11tnwktwnx?authuser=0&hl=en&entry=ttu&g_ep=EgoyMDI2MTAwNC4wIKXMDSoASAFQAw%3D%3D",,,,,,,,,
835,keep,,Happy Jump Nursery Zakher حضانة هابي جمب زاخر,preschool,Nursery school,Zakher,,4.4,115,+971 600 575752,,,,"https://www.google.com/maps/place/Happy+Jump+Nursery+Zakher+%D8%AD%D8%B6%D8%A7%D9%86%D8%A9+%D9%87%D8%A7%D8%A8%D9%8A+%D8%AC%D9%85%D8%A8+%D8%B2%D8%A7%D8%AE%D8%B1%E2%80%AD/@24.1727673,55.6983705,17z/data=!3m1!4b1!4m6!3m5!1s0x3e8ab0444191e415:0xbfecd8b7ed1fb909!8m2!3d24.1727673!4d55.6983705!16s%2Fg%2F11gbl4yhk8?authuser=0&hl=en&entry=ttu&g_ep=EgoyMDI2MTAwNC4wIKXMDSoASAFQAw%3D%3D",,,,,,,,,
854,keep,,Top kids nursery حضانة توب كيدز,preschool,Preschool,Zakher,,5,1,+971 50 471 4712,,,,https://www.google.com/maps/place/Top+kids+nursery+%D8%AD%D8%B6%D8%A7%D9%86%D8%A9+%D8%AA%D9%88%D8%A8+%D9%83%D9%8A%D8%AF%D8%B2%E2%80%AD/data=!4m7!3m6!1s0x3ef543b1650ee01f:0x612b9c7260d7b46b!8m2!3d24.153602!4d55.698696!16s%2Fg%2F11v9chkmy_!19sChIJH-AOZbFD9T4Ra7TXYHKcK2E?authuser=0&hl=en&g_ep=EgoyMDI2MTAwNC4wIJJjKgBIAVAD&rclk=1,,,,,,,,,
846,keep,,Torchlight British Nursery and Preschool,preschool,Nursery school,Zakher,,5,9,+971 3 734 8216,,,https://www.instagram.com/torchlightbritishnursery/,https://www.google.com/maps/place/Torchlight+British+Nursery+and+Preschool/data=!4m7!3m6!1s0x3e8abbd46ba07497:0x819d348f905d54a7!8m2!3d24.1245716!4d55.7052493!16s%2Fg%2F11tmptczg7!19sChIJl3Sga9S7ij4Rp1RdkI80nYE?authuser=0&hl=en&g_ep=EgoyMDI2MTAwNC4wIJJjKgBIAVAD&rclk=1,,,,,,,,,
849,keep,,Kids Fantasy Nursery Branch Alain,preschool,Nursery school,,,4.5,8,+971 56 416 0047,info@kidsfantasynursery.com,,http://kidsfantasynursery.com/,"https://www.google.com/maps/place/Kids+Fantasy+Nursery+Branch+Alain/@24.0840224,55.7344415,17z/data=!3m1!4b1!4m6!3m5!1s0x3e8abb001cfeb671:0x89b6602571db136e!8m2!3d24.0840224!4d55.7344415!16s%2Fg%2F11w8fgyzgn?authuser=0&hl=en&entry=ttu&g_ep=EgoyMDI2MTAwNC4wIKXMDSoASAFQAw%3D%3D",45 days,4 years,British (EYFS),ADEK,babies and children from 45 days to 4 years,"follows a curriculum based on the British National Curriculum EYFS enhanced with Arabic, Islamic and French",Kids Fantasy Nursery is outstanding nursery rated by ADEK,http://kidsfantasynursery.com/,the Al Ain branch is at the Family Development Foundation
873,keep,,SOL Nursery,preschool,Nursery school,,,3.9,11,+971 54 171 7477,,,http://solnursery.ae/,"https://www.google.com/maps/place/SOL+Nursery/@24.1303402,55.7334383,17z/data=!3m1!4b1!4m6!3m5!1s0x3e8abbf6930dac79:0x36ea3aea64c6d3a5!8m2!3d24.1303402!4d55.7334383!16s%2Fg%2F11zdf3r4hq?authuser=0&hl=en&entry=ttu&g_ep=EgoyMDI2MTAwNC4wIKXMDSoASAFQAw%3D%3D",,,,,,,,,
850,keep,,Space kids nursery حضانة اطفال الفضاء,preschool,Preschool,,,4.4,132,+971 50 111 0151,,,https://www.spacekidsnursery.com/ar,https://www.google.com/maps/place/Space+kids+nursery+%D8%AD%D8%B6%D8%A7%D9%86%D8%A9+%D8%A7%D8%B7%D9%81%D8%A7%D9%84+%D8%A7%D9%84%D9%81%D8%B6%D8%A7%D8%A1%E2%80%AD/data=!4m7!3m6!1s0x3e8abbc02ec66abf:0xeeb870bc23528da3!8m2!3d24.1062391!4d55.7135132!16s%2Fg%2F11jy3ldjz0!19sChIJv2rGLsC7ij4Ro41SI7xwuO4?authuser=0&hl=en&g_ep=EgoyMDI2MTAwNC4wIJJjKgBIAVAD&rclk=1,,,British (EYFS),,,نتبع المنهج البريطاني للمرحلة التأسيسية للسنوات المبكرة EARLY YEARS FOUNDATION STAGE (EYFS) (we follow the British EYFS),,https://www.spacekidsnursery.com/ar,
824,keep,,حضانة بيت الطفولة baby home nursery,preschool,Kindergarten,,,5,121,+971 50 744 5000,,,https://www.instagram.com/baby_home_nursery?igsh=NWc1bWdodThzczJu,https://www.google.com/maps/place/%D8%AD%D8%B6%D8%A7%D9%86%D8%A9+%D8%A8%D9%8A%D8%AA+%D8%A7%D9%84%D8%B7%D9%81%D9%88%D9%84%D8%A9+baby+home+nursery%E2%80%AD/data=!4m7!3m6!1s0x3e8ab1166fc4e16b:0xd8e49bb3e7947ad5!8m2!3d24.1828631!4d55.7112671!16s%2Fg%2F11l2pl1gc3!19sChIJa-HEbxaxij4R1XqU57Ob5Ng?authuser=0&hl=en&g_ep=EgoyMDI2MTAwNC4wIJJjKgBIAVAD&rclk=1,,,,,,,,,
