listing_ids,name,areas,field,current_value,correct_value,what_the_site_says,page_checked,note
55,AIST Royal Early Childhood Center,Umm Suqeim,fees_from_aed,20180,51730,"2025-26 price table, ""Year"" row: AED 51,730 / 54,030 / 72,660",https://aistroyalecc.com/,"20,180 is the Term 2 fee for 8:30-12:30, not a yearly fee. Max 72,660 is right."
396,Dovecote Nursery,Al Barsha South,curriculum,Waldorf / Steiner,British (EYFS),Site names Early Years Foundation Stage; no Steiner or Waldorf anywhere,https://dovecotenursery.org/join-us/admissions/,"Scraper matched ""Steiner"" inside the word ""Liechtensteiner""."
389,Giggles and More Nursery,Jumeirah Lake Towers,ages_from,3 years,45 days,"""children from 45 days to age 5""; Babies 45 days-1 year, Toddlers 1-3",https://www.gigglesandmorenursery.com/,Age was taken from the FS1/FS2 class page only.
156,Kids First Group,Business Bay,ages_from,1 year,0 (babies),"Age bands listed: Baby 0-1, Toddler 1-3, Child 3-5",https://kidsfirstgroup.com/,
156,Kids First Group,Business Bay,curriculum,IB,(no single curriculum),IB PYP is named only for Redwood Center of Excellence,https://kidsfirstgroup.com/,"This is a group of 32-35 nurseries (Redwood, Odyssey, Willow), not one nursery. IB belongs to Redwood COE (listing 356)."
65,Ladybird Nursery Jumeirah,Jumeirah,ages_to,5 years,4 years,"Jumeirah: ""Ages from 6 months to 4 years""",https://ladybirdnursery.ae/jumeirah-branch/,JVC and Al Barsha branches are 6 months-5 years; only Jumeirah differs.
114,PlayHouse Nursery - MIRDIF HILLS,Mirdif,curriculum,British (EYFS); Montessori,British (EYFS),Site names the British EYFS curriculum; no Montessori programme,https://www.playhousenursery.ae/,"""Montessori"" came from a staff member's degree."
447,Ranches Nursery,Arabian Ranches,curriculum,British (EYFS); Waldorf / Steiner,British (EYFS),Curriculum based on the EYFS; no Steiner or Waldorf,https://www.rpsdubai.com/nursery/,"Same ""Liechtensteiner"" match as Dovecote."
27,Twinkling Stars Early Childhood Center,Muhaisnah,ages_from,13 months,45 days,Babies: 45 days - 13 months,https://twinklingstarsnursery.com/child-safeguarding-policy-and-procedures/admissions-policy/,13 months is where the Toddler group starts.
148,Westfield Nursery,Al Wasl,ages_from,18 months,3 months,Baby 3 months-walking; welcomes from 3 months through FS2,https://www.westfieldnursery.ae/,
148,Westfield Nursery,Al Wasl,ages_to,3 years,5 years,Foundation group 4-5 years,https://www.westfieldnursery.ae/,
148,Westfield Nursery,Al Wasl,curriculum,British (EYFS); Montessori,British (EYFS),Site describes the British EYFS only,https://www.westfieldnursery.ae/,"""Montessori"" came from a timetable slot (""Montessori time""), not a curriculum."
59,Yellow Kite Nursery (Formerly Kangaroo Kids) | EYFS | British Nursery in Dubai | Kindergarten | Preschool,Al Safa,fees (from/to + note),29877-54219 (2025-26),30513-49689 (2026-27),"2026/27 per term: AED 10,171 (2 days, 7am-1pm) to 16,563 (5 days, 7am-3:30pm)",https://yellowkitenursery.com/fee-structure-2/,"Outdated rather than mis-scraped. Yearly = termly x 3, assuming 3 terms."
149,Blossom Downtown Nursery Dubai,Downtown Dubai,ages_to,5 years,4 years,Ages: 45 days to 4 years (FS1),https://www.theblossomnursery.com/nurseries/blossom-downtown,
215,Blossom Dubai Hills Park Heights,Dubai Hills Estate,ages_from,45 days,12 months,Ages: 12 months to 5 years (FS2),https://www.theblossomnursery.com/nurseries/blossom-dubai-hills-park-heights,
221,Blossom Design District Nursery,Dubai Design District,ages_to,5 years,4 years,Ages: 45 days to 4 years (FS1),https://www.theblossomnursery.com/nurseries/blossom-d3-dubai-design-district,
284,Blossom DIFC,DIFC,ages_from,57 days,1 year,Ages: 1 to 5 years (FS2),https://www.theblossomnursery.com/nurseries/blossom-difc,"57 days came from the group About page (""8 weeks""), not this branch."
306,Blossom Business Bay Nursery,Business Bay,ages_to,5 years,4 years,Ages: 45 days to 4 years (FS1),https://www.theblossomnursery.com/nurseries/blossom-business-bay,
319,Blossom Dubai Hills Golf Estate,Dubai Hills Estate,ages_to,5 years,4 years,Ages: 45 days to 4 years (FS1),https://www.theblossomnursery.com/nurseries/blossom-dubai-hills-estate-ae-01-015,
402,Blossom Serena Nursery Dubai,The Sustainable City,ages_to,5 years,4 years,Ages: 45 days to 4 years (FS1),https://www.theblossomnursery.com/nurseries/blossom-serena-ae-01-023,
404,Blossom Arabian Ranches 2 Nursery,Arabian Ranches,ages_to,5 years,3 years,Ages: 45 days to 3 years,https://www.theblossomnursery.com/nurseries/blossom-arabian-ranches-2-elc,Older children are sent to the Arabian Ranches Souk branch.
425,Blossom Arabian Ranches Souk,Arabian Ranches,ages_from,57 days,2 years,Ages: 2 years to 5 years (FS2); FAQ says from about 2.5,https://www.theblossomnursery.com/nurseries/blossom-arabian-ranches-souk,57 days came from the group About page.
426,Blossom Damac Hills,Damac Hills,ages_to,5 years,4 years,Ages: 45 days to 4 years (FS1),https://www.theblossomnursery.com/nurseries/blossom-damac-hills,
116,Beautiful Horizons Early Learning Center,Oud Metha,ages_to,4 years,5 years,Groups run Babies 45 days-1 year through FS2 4-5 years,https://www.beautifulhorizons.ae/,
40,Best Kidz Nursery DIFC,DIFC,ages_to,2 years,5 years,Infants 45 days-2 years; Toddlers 2-3; Pre-School 3-5,https://www.bestkidznursery.com/,2 years is the end of the Infants group only.
313,Blue Bird Nursery - Al Quoz,Al Quoz,curriculum,British (EYFS); Montessori,British (EYFS),Site names the British EYFS; no Montessori curriculum,https://www.bluebirdnursery.ae/alquoz/,"""Montessori"" came from a timetable slot (""Montessori time"")."
50,Bunnys Early Childhood Center,Al Qusais,ages_from,2 years,45 days,"Groups from ""45 days - walking"" up to FS2 (4-5 years)",https://www.bunnysecc.ae/,
96,"The Little Dreamers Nursery - Nursery in Dubai , Jumeirah 3",Jumeirah,curriculum,British (EYFS); Montessori,British (EYFS),Site says British EYFS curriculum,https://dreamersnursery.com/,"""Montessori"" came from a blog post title (""The Montessori Toy Trap"")."
169,"Gardenia Nursery - The Greens, Dubai",The Greens,ages_from,19 months,45 days,Cherry Class: 45 days to 18 months,https://gardenianursery.ae/,
169,"Gardenia Nursery - The Greens, Dubai",The Greens,ages_to,4 years,5.9 years,Banana Class (FS2): 4.8 to 5.9 years,https://gardenianursery.ae/,
374,Gardenia Nursery,Jumeirah,ages_from,19 months,45 days,Cherry Class: 45 days to 18 months,https://gardenianursery.ae/,Same nursery as listing 169.
374,Gardenia Nursery,Jumeirah,ages_to,4 years,5.9 years,Banana Class (FS2): 4.8 to 5.9 years,https://gardenianursery.ae/,Same nursery as listing 169.
51,Great Minds Early Childhood Centre,Al Wasl,ages_to,3 years,6 years,Children up to 6 years old; nursery until FS2,https://greatminds.ae/,3 years came from the Montessori classes page only.
163,Happy Elephant International Nursery & Preschool,Al Wasl,ages_to,7 years,5 years,Children from 45 days to 5 years,http://happyelephant.ae/,
294,Honey Bee Nursery,Al Wasl,ages_from,20.4 months,4 months,Baby Bees: 4 months to 1.6 years,https://honeybeenursery.net/,Row values came from the Busy Bees class page only.
294,Honey Bee Nursery,Al Wasl,ages_to,2.5 years,4 years,Queen Bees: 2.7 to 4 years,https://honeybeenursery.net/,
43,Hummingbird Nursery DIFC,DIFC,ages_to,5 years,3 years,DIFC: accepting children from 45 days to 3 years old,https://hummingbird.ae/hummingbird-nursery-difc/,"The 45 days-5 years line is the DAFZ branch (listing 44, correct)."
117 166 171 185 361,Jebel Ali Early Childhood Centre - Al Furjan South Br. | Jebel Ali Village Early Childhood Centre - Discovery Gardens Br. | Jebel Ali Village Early Childhood Centre - Dubai Polo And Equestrian Club Br. | Jebel Ali Village Early Childhood Centre - Jumeirah Beach Residence Br. | Jebel Ali Village Early Childhood Centre - Motorcity Br.,"Al Furjan, Discovery Gardens, Dubai Studio City, Jumeirah Beach Residence, Motor City",curriculum,British (EYFS); Montessori; Reggio Emilia; Waldorf / Steiner; Forest school,British (EYFS),"Home, curriculum, about, admissions and JBR pages name only the EYFS",https://javn.ae/curriculum/,"Earlier site text called these ""inspirations""; none appear on the site now."
224,Kids Island Nursery Dubai,Jumeirah,status,listed as open,closed (July 2026),Site says the nursery closed its doors in July 2026,https://www.kidsislandnursery.com/,Remove the listing. The rest of the row is moot.
128,"Kids Kingdom - Nursery & Daycare in Jumeirah Lake Towers (JLT), Dubai",Jumeirah Lake Towers,ages_from,18 months,45 days,Infants 45 days-17 months through Foundation Stage 3-5 years,https://kidskingdom.ae/,18 months-2 years is the Toddlers class only.
128,"Kids Kingdom - Nursery & Daycare in Jumeirah Lake Towers (JLT), Dubai",Jumeirah Lake Towers,ages_to,2 years,5 years,Foundation Stage: 3 to 5 years,https://kidskingdom.ae/,
188,Kids Kingdom - Nursery & Daycare in JVC - IMPZ Dubai Production City,Dubai Production City,ages_from,18 months,45 days,Infants 45 days-17 months through Foundation Stage 3-5 years,https://kidskingdom.ae/,
188,Kids Kingdom - Nursery & Daycare in JVC - IMPZ Dubai Production City,Dubai Production City,ages_to,2 years,5 years,Foundation Stage: 3 to 5 years,https://kidskingdom.ae/,
178,"Kids Castle - Nursery in Business Bay, Downtown Dubai",Business Bay,ages_from,18 months,45 days,Business Bay page lists Infants 45 days-17 months to Foundation 3-5,https://kidskingdom.ae/nursery-school-in-business-bay-dubai/,Kids Castle is the Kids Kingdom group's Business Bay branch.
178,"Kids Castle - Nursery in Business Bay, Downtown Dubai",Business Bay,ages_to,2 years,5 years,Foundation Stage: 3 to 5 years,https://kidskingdom.ae/nursery-school-in-business-bay-dubai/,
196,My Circle Early Childhood Centre,Nad Al Sheba,ages_from,1 year,5 months,Infant: 5 months to 1 year old,https://www.mycircle.ae/,
154,Oriental Wise Nursery Dubai 迪拜中慧双语幼儿园,International City,ages_to,5 years,6 years,Oldest class KG2/Y1: 60-71 months,https://www.oweccdubai.com/,
126,Paddington Early Childhood Centre JLT,Jumeirah Lake Towers,ages_from,1 year,45 days,Babies and children aged 45 days to 5 years,https://paddingtonelc.com/,Scraper matched class names to the wrong age labels.
10,Paddington Park Early Childhood Center,Arjan,ages_from,1 year,45 days,"British EYFS in Arjan, from 45 days to FS2",https://paddingtonparkdubai.com/,Same scraper mismatch as listing 126.
81,"Pristine Rainbow Nursery - Healthcare City, Oud Metha",Oud Metha,ages_from,3 years,1 year,"Toddler 1-2, Preschooler 2-3, Foundation 3-5",https://pristinerainbow.com/,
141 173 231,Kids World Nursery In International City | Kids World Nursery in JVC Dubai | Roots Montessori Nursery IMPZ Dubai | Best Nursery in Dubai,"Dubai Production City, International City, Jumeirah Village Circle",ages_from,1 year,birth (0),Ages 0-6; Babies 0-1,https://www.rootsmontessoriuae.com/,"Site says Roots, formerly Kid's World Nursery - name may need updating too."
153,Royati Nursery,Nad Al Hamar,ages_from,2 years,40 days,"Arabic class headings: 40 days-1 year, 1-2, 2-3, 3-4 years",https://royatinursery.com/,
153,Royati Nursery,Nad Al Hamar,ages_to,5 years,4 years,Oldest class is 3-4 years (pre-KG),https://royatinursery.com/,"""4-5 years"" on the site is a typo on the 1-2 year class."
1,Spectrum Nursery,Abu Hail,ages_to,3 years,5 years,FS2/KG1 programme is for children aged 4 to 5 years,https://spectrumnursery.com/fs2-kg1.php,3 years came from the Toddler page only.
41,Super Kids Nursery,Mirdif,ages_from,2 years,45 days,Infants: 45 days to walking; up to FS2 4-5 years,https://www.superkidsnursery.com/,
139 382,"The Wonder Years Early Childhood Centre - Remraam Community, Dubai | The Wonder Years Early Childhood Centre – Dubai Sports City","Dubai Sports City, Remraam",ages_from,18 months,6 months,Baby Explorers: 6 to 12 months,https://wonderyearsecc.com/,18 months-2 years is one class only.
139 382,"The Wonder Years Early Childhood Centre - Remraam Community, Dubai | The Wonder Years Early Childhood Centre – Dubai Sports City","Dubai Sports City, Remraam",ages_to,2 years,4 years,Oldest class FS1: 3 to 4 years,https://wonderyearsecc.com/,
127,Future International Nursery - Dubai,Al Warqa,ages_from,3 years,birth (0),Learning experience for children from 0 to 6 years,http://www.futureinternationalnursery.com/,3-5 came from a sentence about why ages 3-5 matter.
127,Future International Nursery - Dubai,Al Warqa,ages_to,5 years,6 years,Children from 0 to 6 years,http://www.futureinternationalnursery.com/,
317,Little Learners Nursery,Al Manara,curriculum,British (EYFS); Montessori,British (EYFS),Curriculum page: we follow the EYFS; no Montessori on site,https://littlelearnersuae.com/curriculum-overview/,"""Montessori"" came from a general sentence about UAE nurseries."
210,Le Petit Poucet Nursery and Kindergarten,Al Safa,curriculum,British (EYFS); IB; French,British (EYFS); French,AEFE-accredited French/English nursery; no IB anywhere,https://lppn.ae/,IB was matched from a sentence about French National Education.