id,decision,name,area,email,notes,emails_on_site,website,ages_from,ages_to,curriculum,licensed_by,details_source
241,keep,Al Noor Nursery,Al Twar,,only email on site is the web agency's; not used,letstalk@nuancedigital.marketing,https://www.uaenurseries.ae/nurseries/ministry-of-education-al-noor-nursery-qusais-dubai/,,,,,
450,keep,British Orchard Nursery - Expo City (Dubai South),Al Karama,dwc@britishorchardnursery.com,dwc@ = Dubai South branch (Expo City),"jbr@britishorchardnursery.com, mirdif@britishorchardnursery.com, mbz@britishorchardnursery.com, info@britishorchardnursery.com, altwar@britishorchardnursery.com, dubaihills@britishorchardnursery.com, aljafiliya@britishorchardnursery.com, newmankhool@britishorchardnursery.com, difc@britishorchardnursery.com, dip@britishorchardnursery.com, dmc@britishorchardnursery.com, bondso@britishorchardnursery.com, dwc@britishorchardnursery.com, jumeirah@britishorchardnursery.com, liwan@britishorchardnursery.com, dubailakes@britishorchardnursery.com",https://britishorchardnursery.com/,,,,,
247,keep,Happy kids childhood centre,Al Nahda,,website is a developer's test site; its email not used,kummalilnazer@gmail.com,https://happykids.devstoic.com/,,,,,
143,keep,Raffles Starters,The Springs,,only email on site is accounts@rafflesecc.com; not used,accounts@rafflesecc.com,http://www.rafflesstarters.com/,,,,,
444,keep,Redwood Montessori Nursery,Jumeirah Golf Estates,register@theredwoodnursery.com,"may duplicate 435 (both Redwood, Jumeirah Golf Estates)","register@theredwoodnursery.com, info.tilalalghaf@theredwoodnursery.com, info.noya@theredwoodnursery.com, info.mbz@theredwoodnursery.com, info.saadiyat.island@theredwoodnursery.com, info.alwaab@theredwoodnursery.com, info.alnahyan@theredwoodnursery.com, info.marina@theredwoodnursery.com, info.shams@theredwoodnursery.com, info.furjan@theredwoodnursery.com, info.mushrif@theredwoodnursery.com, info.khalifa.city@theredwoodnursery.com, info.reemisland@theredwoodnursery.com, info.jumeirahpark@theredwoodnursery.com, info.dafna@theredwoodnursery.com, info.garhoud@theredwoodnursery.com, info.palmdubai@theredwoodnursery.com, info.albateen@theredwoodnursery.com",https://www.theredwoodnursery.com/,,,,,
435,keep,Redwood Montessori Nursery - Jumeirah Golf Estates,Jumeirah Golf Estates,register@theredwoodnursery.com,may duplicate 444,"register@theredwoodnursery.com, info.tilalalghaf@theredwoodnursery.com, info.noya@theredwoodnursery.com, info.mbz@theredwoodnursery.com, info.saadiyat.island@theredwoodnursery.com, info.alwaab@theredwoodnursery.com, info.alnahyan@theredwoodnursery.com, info.marina@theredwoodnursery.com, info.shams@theredwoodnursery.com, info.furjan@theredwoodnursery.com, info.mushrif@theredwoodnursery.com, info.khalifa.city@theredwoodnursery.com, info.reemisland@theredwoodnursery.com, info.jumeirahpark@theredwoodnursery.com, info.dafna@theredwoodnursery.com, info.garhoud@theredwoodnursery.com, info.palmdubai@theredwoodnursery.com, info.albateen@theredwoodnursery.com",https://www.theredwoodnursery.com/,,,,,
8,keep,Aga Khan Early Learning Centre,Oud Metha,hello@akelcdubai.org,,hello@akelcdubai.org,https://akelcdubai.org/,,,,,
55,keep,AIST Royal Early Childhood Center,Umm Suqeim,aistroyalecc@aist.ae,,aistroyalecc@aist.ae,http://www.aistroyalecc.com/,,,,,
147,keep,Al Dana Nursery Nad Al Hamar حضانة الدانة فرع ند الحمر,Nad Al Hamar,info@stanfordnursery.com,,info@stanfordnursery.com,https://stanfordnursery.com/,,,,,
52,keep,Al Fajr Early Childhood Center,Al Barsha,alfajrecc@gmail.com,,alfajrecc@gmail.com,https://www.alfajrecc.com/,,,,,
390,keep,Alif Ya Nursery - Al Barsha,Al Barsha South,barsha-admin@alifyanursery.ae,,"sales@alifyanursery.ae, barsha-admin@alifyanursery.ae",https://www.alifyanursery.ae/en/our-branches/al-barsha/,,,,,
267,keep,Alif Ya Nursery - Al Mizhar 1,Al Mizhar,mizhar-admin@alifyanursery.ae,,"sales@alifyanursery.ae, mizhar-admin@alifyanursery.ae",https://www.alifyanursery.ae/en/our-branches/al-mizhar/,,,,,
112,keep,Alif Ya Nursery - Al Mizhar 4,Al Mizhar,sales@alifyanursery.ae,,"sales@alifyanursery.ae, oam-accounts@alifyanursery.ae",https://www.alifyanursery.ae/en/our-branches/oud-al-muteena/,,,,,
270,keep,Alif Ya Nursery - Nad Al Sheba,Nad Al Sheba,nas-admin@alifyanursery.ae,,"sales@alifyanursery.ae, nas-admin@alifyanursery.ae",https://www.alifyanursery.ae/en/our-branches/nad-al-sheba/,,,,,
46,keep,Alphabet Street Nursery,Al Manara,info@alphabetstreetnursery.com,,info@alphabetstreetnursery.com,http://www.alphabetstreetnursery.com/,,,,,
299,keep,Art Village Nursery,Jumeirah,admin@artvillagenursery.com,,admin@artvillagenursery.com,https://artvillagenursery.com/,,,,,
107,keep,Asya's Nursery,Palm Jumeirah,reception@asyasnursery.com,,reception@asyasnursery.com,http://asyasnursery.com/,,,,,
164,keep,Azbuka Nursery,Al Manara,info@azbuka.ae,,info@azbuka.ae,http://azbuka.ae/,,,,,
218,keep,Baby Home Nursery JLT | Best in Dubai,Jumeirah Lake Towers,info@babyhomenursery.com,,info@babyhomenursery.com,http://www.babyhomenursery.com/,,,,,
272,keep,Basateen Kindergarten,Al Khawaneej,khawaneej@dwa.ae,,khawaneej@dwa.ae,http://www.dwa-basateen-kh.ae/,,,,,
116,keep,Beautiful Horizons Early Learning Center,Oud Metha,info@beautifulhorizons.ae,,"info@beautifulhorizons.ae, info@beautifulhorizonselc.ae",https://www.beautifulhorizons.ae/,,,,,
239,keep,Beginnings Forest Montessori Nursery,Muhaisnah,info@beginningsschools.com,,info@beginningsschools.com,http://www.beginningsschools.com/,,,,,
11,keep,Beginnings Montessori Nursery,Al Mamzar,info@beginningsschools.com,,info@beginningsschools.com,https://beginningsschools.com/,,,,,
63,keep,Belinay Early Learning Center L.L.C,Oud Metha,info@belinayelcdxb.ae,,info@belinayelcdxb.ae,https://belinayelcdxb.ae/?utm_source=GMB&utm_campaign=BELC+Local,,,,,
313,keep,Blue Bird Nursery - Al Quoz,Al Quoz,info.aq@bluebirdnursery.ae,,info.aq@bluebirdnursery.ae,http://bluebirdnursery.ae/alquoz,,,,,
234,keep,British Berries Nursery,Al Satwa,britishberriesnursery@gmail.com,,britishberriesnursery@gmail.com,http://www.britishberriesnursery.com/,,,,,
281,keep,British Orchard Nursery,Al Karama,info@britishorchardnursery.com,,"jbr@britishorchardnursery.com, mirdif@britishorchardnursery.com, mbz@britishorchardnursery.com, info@britishorchardnursery.com, altwar@britishorchardnursery.com, dubaihills@britishorchardnursery.com, aljafiliya@britishorchardnursery.com, newmankhool@britishorchardnursery.com, difc@britishorchardnursery.com, dip@britishorchardnursery.com, dmc@britishorchardnursery.com, bondso@britishorchardnursery.com, dwc@britishorchardnursery.com, jumeirah@britishorchardnursery.com, liwan@britishorchardnursery.com, dubailakes@britishorchardnursery.com",https://britishorchardnursery.com/,,,,,
24,keep,British Orchard Nursery - Al Twar,Al Twar,altwar@britishorchardnursery.com,,"jbr@britishorchardnursery.com, mirdif@britishorchardnursery.com, mbz@britishorchardnursery.com, info@britishorchardnursery.com, altwar@britishorchardnursery.com, dubaihills@britishorchardnursery.com, aljafiliya@britishorchardnursery.com, newmankhool@britishorchardnursery.com, difc@britishorchardnursery.com, dip@britishorchardnursery.com, dmc@britishorchardnursery.com, bondso@britishorchardnursery.com, dwc@britishorchardnursery.com, jumeirah@britishorchardnursery.com, liwan@britishorchardnursery.com, dubailakes@britishorchardnursery.com",http://britishorchardnursery.com/,,,,,
92,keep,British Orchard Nursery - DIFC,DIFC,difc@britishorchardnursery.com,,"jbr@britishorchardnursery.com, mirdif@britishorchardnursery.com, mbz@britishorchardnursery.com, info@britishorchardnursery.com, altwar@britishorchardnursery.com, dubaihills@britishorchardnursery.com, aljafiliya@britishorchardnursery.com, newmankhool@britishorchardnursery.com, difc@britishorchardnursery.com, dip@britishorchardnursery.com, dmc@britishorchardnursery.com, bondso@britishorchardnursery.com, dwc@britishorchardnursery.com, jumeirah@britishorchardnursery.com, liwan@britishorchardnursery.com, dubailakes@britishorchardnursery.com",http://www.britishorchardnursery.com/,,,,,
436,keep,British Orchard Nursery - DIP Branch,Dubai Investment Park,dip@britishorchardnursery.com,,"jbr@britishorchardnursery.com, mirdif@britishorchardnursery.com, mbz@britishorchardnursery.com, info@britishorchardnursery.com, altwar@britishorchardnursery.com, dubaihills@britishorchardnursery.com, aljafiliya@britishorchardnursery.com, newmankhool@britishorchardnursery.com, difc@britishorchardnursery.com, dip@britishorchardnursery.com, dmc@britishorchardnursery.com, bondso@britishorchardnursery.com, dwc@britishorchardnursery.com, jumeirah@britishorchardnursery.com, liwan@britishorchardnursery.com, dubailakes@britishorchardnursery.com",http://www.britishorchardnursery.com/,,,,,
371,keep,British Orchard Nursery - Dubai Hills,Dubai Hills Estate,dubaihills@britishorchardnursery.com,,"jbr@britishorchardnursery.com, mirdif@britishorchardnursery.com, mbz@britishorchardnursery.com, info@britishorchardnursery.com, altwar@britishorchardnursery.com, dubaihills@britishorchardnursery.com, aljafiliya@britishorchardnursery.com, newmankhool@britishorchardnursery.com, difc@britishorchardnursery.com, dip@britishorchardnursery.com, dmc@britishorchardnursery.com, bondso@britishorchardnursery.com, dwc@britishorchardnursery.com, jumeirah@britishorchardnursery.com, liwan@britishorchardnursery.com, dubailakes@britishorchardnursery.com",https://www.britishorchardnursery.com/,,,,,
212,keep,British Orchard Nursery - Dubai Silicon Oasis,Dubai Silicon Oasis,info@britishorchardnursery.com,,"jbr@britishorchardnursery.com, mirdif@britishorchardnursery.com, mbz@britishorchardnursery.com, info@britishorchardnursery.com, altwar@britishorchardnursery.com, dubaihills@britishorchardnursery.com, aljafiliya@britishorchardnursery.com, newmankhool@britishorchardnursery.com, difc@britishorchardnursery.com, dip@britishorchardnursery.com, dmc@britishorchardnursery.com, bondso@britishorchardnursery.com, dwc@britishorchardnursery.com, jumeirah@britishorchardnursery.com, liwan@britishorchardnursery.com, dubailakes@britishorchardnursery.com",http://www.britishorchardnursery.com/,,,,,
82,keep,British Orchard Nursery - Jafiliya,Al Jafiliya,aljafiliya@britishorchardnursery.com,,"jbr@britishorchardnursery.com, mirdif@britishorchardnursery.com, mbz@britishorchardnursery.com, info@britishorchardnursery.com, altwar@britishorchardnursery.com, dubaihills@britishorchardnursery.com, aljafiliya@britishorchardnursery.com, newmankhool@britishorchardnursery.com, difc@britishorchardnursery.com, dip@britishorchardnursery.com, dmc@britishorchardnursery.com, bondso@britishorchardnursery.com, dwc@britishorchardnursery.com, jumeirah@britishorchardnursery.com, liwan@britishorchardnursery.com, dubailakes@britishorchardnursery.com",http://www.britishorchardnursery.com/,,,,,
347,keep,British Orchard Nursery - JBR,Jumeirah Beach Residence,jbr@britishorchardnursery.com,,"jbr@britishorchardnursery.com, mirdif@britishorchardnursery.com, mbz@britishorchardnursery.com, info@britishorchardnursery.com, altwar@britishorchardnursery.com, dubaihills@britishorchardnursery.com, aljafiliya@britishorchardnursery.com, newmankhool@britishorchardnursery.com, difc@britishorchardnursery.com, dip@britishorchardnursery.com, dmc@britishorchardnursery.com, bondso@britishorchardnursery.com, dwc@britishorchardnursery.com, jumeirah@britishorchardnursery.com, liwan@britishorchardnursery.com, dubailakes@britishorchardnursery.com",http://www.britishorchardnursery.com/,,,,,
309,keep,British Orchard Nursery - Jumeirah,Umm Suqeim,jumeirah@britishorchardnursery.com,,"jbr@britishorchardnursery.com, mirdif@britishorchardnursery.com, mbz@britishorchardnursery.com, info@britishorchardnursery.com, altwar@britishorchardnursery.com, dubaihills@britishorchardnursery.com, aljafiliya@britishorchardnursery.com, newmankhool@britishorchardnursery.com, difc@britishorchardnursery.com, dip@britishorchardnursery.com, dmc@britishorchardnursery.com, bondso@britishorchardnursery.com, dwc@britishorchardnursery.com, jumeirah@britishorchardnursery.com, liwan@britishorchardnursery.com, dubailakes@britishorchardnursery.com",https://britishorchardnursery.com/,,,,,
204,keep,British Orchard Nursery - Liwan,Liwan,liwan@britishorchardnursery.com,,"jbr@britishorchardnursery.com, mirdif@britishorchardnursery.com, mbz@britishorchardnursery.com, info@britishorchardnursery.com, altwar@britishorchardnursery.com, dubaihills@britishorchardnursery.com, aljafiliya@britishorchardnursery.com, newmankhool@britishorchardnursery.com, difc@britishorchardnursery.com, dip@britishorchardnursery.com, dmc@britishorchardnursery.com, bondso@britishorchardnursery.com, dwc@britishorchardnursery.com, jumeirah@britishorchardnursery.com, liwan@britishorchardnursery.com, dubailakes@britishorchardnursery.com",https://britishorchardnursery.com/,,,,,
369,keep,British Orchard Nursery - Media City,Al Sufouh,dmc@britishorchardnursery.com,,"jbr@britishorchardnursery.com, mirdif@britishorchardnursery.com, mbz@britishorchardnursery.com, info@britishorchardnursery.com, altwar@britishorchardnursery.com, dubaihills@britishorchardnursery.com, aljafiliya@britishorchardnursery.com, newmankhool@britishorchardnursery.com, difc@britishorchardnursery.com, dip@britishorchardnursery.com, dmc@britishorchardnursery.com, bondso@britishorchardnursery.com, dwc@britishorchardnursery.com, jumeirah@britishorchardnursery.com, liwan@britishorchardnursery.com, dubailakes@britishorchardnursery.com",http://www.britishorchardnursery.com/,,,,,
254,keep,British Orchard Nursery - Mirdif,Mirdif,mirdif@britishorchardnursery.com,,"jbr@britishorchardnursery.com, mirdif@britishorchardnursery.com, mbz@britishorchardnursery.com, info@britishorchardnursery.com, altwar@britishorchardnursery.com, dubaihills@britishorchardnursery.com, aljafiliya@britishorchardnursery.com, newmankhool@britishorchardnursery.com, difc@britishorchardnursery.com, dip@britishorchardnursery.com, dmc@britishorchardnursery.com, bondso@britishorchardnursery.com, dwc@britishorchardnursery.com, jumeirah@britishorchardnursery.com, liwan@britishorchardnursery.com, dubailakes@britishorchardnursery.com",http://www.britishorchardnursery.com/,,,,,
86,keep,British Orchard Nursery Al Mankhool,Al Mankhool,newmankhool@britishorchardnursery.com,,"jbr@britishorchardnursery.com, mirdif@britishorchardnursery.com, mbz@britishorchardnursery.com, info@britishorchardnursery.com, altwar@britishorchardnursery.com, dubaihills@britishorchardnursery.com, aljafiliya@britishorchardnursery.com, newmankhool@britishorchardnursery.com, difc@britishorchardnursery.com, dip@britishorchardnursery.com, dmc@britishorchardnursery.com, bondso@britishorchardnursery.com, dwc@britishorchardnursery.com, jumeirah@britishorchardnursery.com, liwan@britishorchardnursery.com, dubailakes@britishorchardnursery.com",https://britishorchardnursery.com/,,,,,
140,keep,British Rose Nursery Dubai,Umm Al Sheif,admin@britishrosenursery.com,,admin@britishrosenursery.com,http://www.britishrosenursery.com/,,,,,
80,keep,Cambridgeshire Nursery,Al Mankhool,info@cambridgeshirenursery.com,,info@cambridgeshirenursery.com,http://www.cambridgeshirenursery.com/,,,,,
203,keep,Canadian Kids Nursery Business Bay,Business Bay,admin@canadiankidsnursery.com,,admin@canadiankidsnursery.com,https://canadiankidsnursery.com/,,,,,
168,keep,Cherry Town Nursery,Al Barsha,barsha@cherrynurseries.com,,"info@cherrynursery.com, d2@cherrynurseries.com, ts@cherrynurseries.com, barsha@cherrynurseries.com, dwc@cherrynurseries.com",https://cherrynurseries.com/,,,,,
459,keep,Cherry Tree Nursery - Damac Hills 2,Damac Hills,d2@cherrynurseries.com,,"info@cherrynursery.com, d2@cherrynurseries.com, ts@cherrynurseries.com, barsha@cherrynurseries.com, dwc@cherrynurseries.com",https://cherrynurseries.com/,,,,,
442,keep,Cherry Tree Nursery - Dubai South - DWC,Dubai South,dwc@cherrynurseries.com,,"info@cherrynursery.com, d2@cherrynurseries.com, ts@cherrynurseries.com, barsha@cherrynurseries.com, dwc@cherrynurseries.com",https://cherrynurseries.com/,,,,,
437,keep,Cherry Tree Nursery - Town Square,Town Square,ts@cherrynurseries.com,,"info@cherrynursery.com, d2@cherrynurseries.com, ts@cherrynurseries.com, barsha@cherrynurseries.com, dwc@cherrynurseries.com",https://cherrynurseries.com/,,,,,
18,keep,Chubby Cheeks Nursery,Al Nahda,contact@chubbycheeksnursery.com,,contact@chubbycheeksnursery.com,http://www.chubbycheeksnursery.com/,,,,,
190,keep,Chubby Cheeks Nursery,Dubailand,contact@chubbycheeksnursery.com,,contact@chubbycheeksnursery.com,http://www.chubbycheeksnursery.com/,,,,,
428,keep,Chubby Cheeks Nursery,Dubai Investment Park,contact@chubbycheeksnursery.com,,contact@chubbycheeksnursery.com,http://www.chubbycheeksnursery.com/,,,,,
94,keep,Chubby Cheeks Nursery - Mankhool Bur Dubai,Al Mankhool,contact@chubbycheeksnursery.com,,contact@chubbycheeksnursery.com,https://www.chubbycheeksnursery.com/,,,,,
201,keep,Chubby Cheeks Nursery Al Quoz,Al Quoz,contact@chubbycheeksnursery.com,,contact@chubbycheeksnursery.com,http://www.ccn.ae/,,,,,
236,keep,Chubby Cheeks Nursery Al Twar,Al Twar,contact@chubbycheeksnursery.com,,contact@chubbycheeksnursery.com,http://www.chubbycheeksnursery.com/,,,,,
386,keep,Chubby Cheeks Nursery Arjan,Arjan,contact@chubbycheeksnursery.com,,contact@chubbycheeksnursery.com,https://www.chubbycheeksnursery.com/,,,,,
366,keep,Chubby Cheeks Nursery Barsha Heights,Barsha Heights,contact@chubbycheeksnursery.com,,contact@chubbycheeksnursery.com,http://www.ccn.ae/,,,,,
395,keep,Chubby Cheeks Nursery Barsha South,Arjan,contact@chubbycheeksnursery.com,,contact@chubbycheeksnursery.com,https://www.ccn.ae/,,,,,
305,keep,Chubby Cheeks Nursery Business Bay,Business Bay,contact@chubbycheeksnursery.com,,contact@chubbycheeksnursery.com,https://www.chubbycheeksnursery.com/,,,,,
349,keep,Chubby Cheeks Nursery Discovery Gardens,Discovery Gardens,contact@chubbycheeksnursery.com,,contact@chubbycheeksnursery.com,http://www.chubbycheeksnursery.com/,,,,,
406,keep,Chubby Cheeks Nursery Furjan,Al Furjan,contact@chubbycheeksnursery.com,,contact@chubbycheeksnursery.com,http://www.ccn.ae/,,,,,
193,keep,Chubby Cheeks Nursery IMPZ,Dubai Production City,contact@chubbycheeksnursery.com,,contact@chubbycheeksnursery.com,http://www.ccn.ae/,,,,,
176,keep,Chubby Cheeks Nursery International City,International City,contact@chubbycheeksnursery.com,,contact@chubbycheeksnursery.com,http://www.ccn.ae/,,,,,
71,keep,Chubby Cheeks Nursery Jaddaf Garhoud,Al Garhoud,contact@chubbycheeksnursery.com,,contact@chubbycheeksnursery.com,http://www.ccn.ae/,,,,,
363,keep,Chubby Cheeks Nursery JLT Cluster K,Jumeirah Lake Towers,contact@chubbycheeksnursery.com,,contact@chubbycheeksnursery.com,http://www.ccn.ae/,,,,,
350,keep,Chubby Cheeks Nursery JLT Mazaya,Jumeirah Lake Towers,contact@chubbycheeksnursery.com,,contact@chubbycheeksnursery.com,https://www.ccn.ae/,,,,,
110,keep,Chubby Cheeks Nursery JVC,Jumeirah Village Triangle,contact@chubbycheeksnursery.com,,contact@chubbycheeksnursery.com,http://www.ccn.ae/,,,,,
268,keep,Chubby Cheeks Nursery Khawaneej,Al Khawaneej,contact@chubbycheeksnursery.com,,contact@chubbycheeksnursery.com,https://www.ccn.ae/,,,,,
219,keep,Chubby Cheeks Nursery Marina,Dubai Marina,contact@chubbycheeksnursery.com,,contact@chubbycheeksnursery.com,http://www.ccn.ae/,,,,,
252,keep,Chubby Cheeks Nursery Mizhar,Al Mizhar,contact@chubbycheeksnursery.com,,contact@chubbycheeksnursery.com,https://www.chubbycheeksnursery.com/,,,,,
463,keep,Chubby Cheeks Nursery Silicon Oasis,Dubai Silicon Oasis,contact@chubbycheeksnursery.com,,contact@chubbycheeksnursery.com,https://www.ccn.ae/,,,,,
255,keep,Chubby Cheeks Nursery Uptown Mirdif,Mirdif,contact@chubbycheeksnursery.com,,contact@chubbycheeksnursery.com,https://www.ccn.ae/,,,,,
89,keep,Circle Time - Al Karama Branch,Al Karama,info@circletimeuae.com,,info@circletimeuae.com,https://circletimeuae.com/,,,,,
179,keep,Circle Time - International City Branch,International City,info@circletimeuae.com,,info@circletimeuae.com,https://circletimeuae.com/,,,,,
95,keep,Circle Time - Muhaisnah Branch,Muhaisnah,info@circletimeuae.com,,info@circletimeuae.com,https://circletimeuae.com/,,,,,
416,keep,Crayons Nursery,Nad Al Sheba,info@crayonsnursery.ae,,info@crayonsnursery.ae,https://crayonsnursery.ae/,,,,,
262,keep,Creative Nest Early Childhood Centre,Al Mizhar,saysalam@creativenestnursery.com,,saysalam@creativenestnursery.com,http://creativenestecc.com/,,,,,
93,keep,"Daffodils Nursery, Al Jaddaf, Dubai",Al Jaddaf,hello@daffodilsnursery.ae,,hello@daffodilsnursery.ae,https://www.daffodilsnursery.ae/,,,,,
83,keep,Dazzle Kids Nursery,Al Jaddaf,dazzlekidsnursery@gmail.com,,dazzlekidsnursery@gmail.com,http://www.dazzlekidsuae.com/,,,,,
328,keep,Dewdrops Nursery - Al Barsha,Al Barsha,info@dewdropsnursery.com,,info@dewdropsnursery.com,https://www.dewdropsnursery.com/,,,,,
352,keep,Dewdrops Nursery - JLT Cluster Y,Jumeirah Lake Towers,info@dewdropsnursery.com,,info@dewdropsnursery.com,https://www.dewdropsnursery.com/,,,,,
381,keep,Dibber Al Barsha South,Al Barsha South,admin.abs@dibber.com,,"admin.abs@dibber.com, familyrelations@dibberfamily.com, familyrelations@dibber.com",https://www.edu.dibber.com/dibber-nursery/al-barsha-south-2,,,,,
424,keep,Dibber Damac Hills Mudon Nursery,Mudon,admin.dhm@dibber.com,,"admin.dhm@dibber.com, familyrelations@dibberfamily.com, familyrelations@dibber.com",https://www.edu.dibber.com/dibber-nursery/damac-hills,,,,,
348,keep,Dibber Jumeirah Golf Estates Nursery,Jumeirah Golf Estates,admin.jge@dibber.com,,"admin.jge@dibber.com, familyrelations@dibberfamily.com, familyrelations@dibber.com",https://www.edu.dibber.com/dibber-nursery/jumeirah-golf-estates,,,,,
405,keep,Dibber The Sustainable City Nursery,The Sustainable City,admin.tsc@dibber.com,,"admin.tsc@dibber.com, familyrelations@dibberfamily.com, familyrelations@dibber.com",https://www.edu.dibber.com/dibber-nursery/the-sustainable-city,,,,,
396,keep,Dovecote Nursery,Al Barsha South,admissions.albarsha@dovecotenursery.org,,"admissions.nadalsheba@dovecotenursery.org, admissions.albarsha@dovecotenursery.org",http://www.dovecotenursery.org/,,,,,
125,keep,Erudio Early Childhood Center,Jumeirah Village Circle,info@erudiochild.com,,"info@erudiochild.com, kevinclarkfit@training.com",https://erudiochild.com/,,,,,
61,keep,Evergreen ELC Nursery,Umm Al Sheif,hello@evergreenelc.ae,,"hello@evergreenelc.ae, admissions@evergreenelc.ae",https://evergreenelc.ae/,,,,,
5,keep,First Choice Nursery,Abu Hail,care@firstchoicenursery.ae,,care@firstchoicenursery.ae,https://firstchoicenursery.ae/,,,,,
226,keep,First Steps Nursery FSN.Montessori - Early Childhood Development and Learning Programs,Umm Suqeim,info@firststepsnursery.com,,info@firststepsnursery.com,https://fsnmontessori.com/,,,,,
155,keep,Friendly nursery,Al Safa,friendlyschool0@gmail.com,,"hr@friendly-nursery.com, friendlyschool0@gmail.com",http://friendly-nursery.com/,,,,,
127,keep,Future International Nursery - Dubai,Al Warqa,info@futureinternationalnursery.com,,info@futureinternationalnursery.com,http://www.futureinternationalnursery.com/,,,,,
298,keep,Future Scholars Montessori Preschool,Jumeirah,info@futurescholars.ae,,info@futurescholars.ae,https://www.futurescholars.ae/,,,,,
169,keep,"Gardenia Nursery - The Greens, Dubai",The Greens,info@gardenianursery.ae,,info@gardenianursery.ae,https://www.gardenianursery.ae/,,,,,
389,keep,Giggles and More Nursery,Jumeirah Lake Towers,gigglesandmore.ae@gmail.com,,gigglesandmore.ae@gmail.com,https://www.gigglesandmorenursery.com/,,,,,
199,keep,Gingle Kids ELC,International City,info@ginglekidsuae.com,,"gingle.elc@gmail.com, info@ginglekidsuae.com, ginglekidscpz@gmail.com",http://www.ginglekidsuae.com/,,,,,
51,keep,Great Minds Early Childhood Centre,Al Wasl,info@greatminds.ae,,info@greatminds.ae,http://www.greatminds.ae/,,,,,
312,keep,"Green Grass Nursery - Nursery Near Al Manara, Dubai",Al Manara,enquiry@greengrassnursery.com,,enquiry@greengrassnursery.com,https://greengrassnursery.com/,,,,,
295,keep,"Green Grass Nursery - Nursery Near Jumeirah, Dubai",Jumeirah,enquiry@greengrassnursery.com,,enquiry@greengrassnursery.com,https://greengrassnursery.com/,,,,,
29,keep,Green Leaves Early Childhood Center,,info@greenleavesnursery.com,,"info@greenleavesnursery.com, info@greenleavesnursery.comphone",https://greenleavesnursery.com/,,,,,
399,keep,Gummy Bear Nursery IMPZ,Dubai Production City,gummybearnurserydubai2022@outlook.com,,gummybearnurserydubai2022@outlook.com,https://www.gummybearnursery.ae/,,,,,
412,keep,Gummy Bear Nursery JLT,Jumeirah Lake Towers,gummybearnurserydubai2022@outlook.com,,gummybearnurserydubai2022@outlook.com,https://www.gummybearnursery.ae/,,,,,
208,keep,Handprint Early Childhood Center,Al Satwa,admin@handprintecc.com,,admin@handprintecc.com,https://handprintecc.com/,,,,,
121,keep,Happy Bees Early Learning Center,Arjan,info@happybeesuae.com,,info@happybeesuae.com,http://www.happybeesuae.com/,,,,,
163,keep,Happy Elephant International Nursery & Preschool,Al Wasl,hello@happyelephant.ae,,hello@happyelephant.ae,http://happyelephant.ae/,,,,,
97,keep,Happy Feet Nursery - Dubai South,Dubai South,info@happyfeetdubai.com,,info@happyfeetdubai.com,https://happyfeetdubai.com/,,,,,
158,keep,Home Grown Children's Eco Nursery - Al Quoz Park,Al Quoz,info@homegrownnursery.ae,,"info@homegrownnursery.ae, theratio_interior@mail.com",https://homegrownnursery.ae/,,,,,
294,keep,Honey Bee Nursery,Al Wasl,info@honeybeenursery.net,,info@honeybeenursery.net,https://honeybeenursery.net/,,,,,
325,keep,Hummingbird Nursery Bay Square,Business Bay,info@hummingbird.ae,,info@hummingbird.ae,http://www.hummingbird.ae/,,,,,
182,keep,IDEA Early Learning Center,Mirdif,info@ideaelc.ae,,"info@ideaelc.ae, admissions@ideaelc.ae",https://ideaelc.ae/,,,,,
206,keep,IDEA ELC,Dubai Sports City,info@ideaelc.ae,,"info@ideaelc.ae, admissions@ideaelc.ae",http://www.ideaelc.ae/,,,,,
185,keep,Jebel Ali Early Childhood Centre - Al Furjan South Br.,Al Furjan,admissions@javn.ae,,"admissions@javn.ae, farith@bluebridgedms.com",http://www.javn.ae/,,,,,
171,keep,Jebel Ali Village Early Childhood Centre - Discovery Gardens Br.,Discovery Gardens,admissions@javn.ae,,"admissions@javn.ae, farith@bluebridgedms.com",http://www.javn.ae/,,,,,
361,keep,Jebel Ali Village Early Childhood Centre - Dubai Polo And Equestrian Club Br.,Dubai Studio City,admissions@javn.ae,,"admissions@javn.ae, farith@bluebridgedms.com",http://www.javn.ae/,,,,,
117,keep,Jebel Ali Village Early Childhood Centre - Jumeirah Beach Residence Br.,Jumeirah Beach Residence,admissions@javn.ae,,"admissions@javn.ae, farith@bluebridgedms.com",http://www.javn.ae/,,,,,
166,keep,Jebel Ali Village Early Childhood Centre - Motorcity Br.,Motor City,admissions@javn.ae,,"admissions@javn.ae, farith@bluebridgedms.com",http://www.javn.ae/,,,,,
432,keep,Junior Genius,Al Furjan,info@juniorgenius.ae,,info@juniorgenius.ae,https://juniorgenius.ae/,,,,,
321,keep,Kiddy Planet Nursery,Umm Suqeim,kiddyplanet@hotmail.com,,kiddyplanet@hotmail.com,https://kiddy-planet.ae/,,,,,
178,keep,"Kids Castle - Nursery in Business Bay, Downtown Dubai",Business Bay,enquiry@kidscastle.ae,,"enquiry.impz@kidskingdom.ae, enquiry@kidskingdom.in.net, enquiry@kidscastle.ae",https://kidskingdom.ae/nursery-school-in-business-bay-dubai/,,,,,
128,keep,"Kids Kingdom - Nursery & Daycare in Jumeirah Lake Towers (JLT), Dubai",Jumeirah Lake Towers,enquiry.impz@kidskingdom.ae,,"enquiry.impz@kidskingdom.ae, enquiry@kidskingdom.in.net, enquiry@kidscastle.ae",https://kidskingdom.ae/nursery-daycare-in-jlt-dubai/,,,,,
188,keep,Kids Kingdom - Nursery & Daycare in JVC - IMPZ Dubai Production City,Dubai Production City,enquiry.impz@kidskingdom.ae,,"enquiry.impz@kidskingdom.ae, enquiry@kidskingdom.in.net, enquiry@kidscastle.ae",https://kidskingdom.ae/?utm_medium=gmb&utm_source=profile&utm_campaign=impz,,,,,
228,keep,Kids Palace Nursery,Umm Suqeim,info@kidspalacenursery.com,,info@kidspalacenursery.com,https://www.kidspalacenursery.com/,,,,,
269,keep,Kids Palace Nursery Al Khawaneej,Al Khawaneej,info@kidspalacenursery.com,,info@kidspalacenursery.com,https://www.kidspalacenursery.ae/,,,,,
238,keep,Kids Planet Montessori Al Nahda,Al Nahda,info@kidsplanetmontessori.com,,info@kidsplanetmontessori.com,https://www.kidsplanetmontessori.com/,,,,,
189,keep,Kinder Castle Nursery,Dubai Sports City,info@kindercastlenursery.com,,"info@kindercastlenursery.com, info@kindercastlemeydan.com",https://kindercastlenursery.com/?utm_source=google&utm_medium=gmb&utm_campaign=gmb,,,,,
205,keep,Kinder Castle Nursery Meydan,Nad Al Sheba,info@kindercastlemeydan.com,,"info@kindercastlenursery.com, info@kindercastlemeydan.com",https://kindercastlenursery.com/?utm_source=google&utm_medium=gmb&utm_campaign=gmb,,,,,
183,keep,Kindercare Early Childhood Center,International City,enquiry@kindercare.ae,,enquiry@kindercare.ae,https://www.kindercare.ae/,,,,,
108,keep,Ladybird Early Learning Centre,Jumeirah Village Circle,info.jvc@ladybirdnursery.ae,,"info.jumeirah@ladybirdnursery.ae, info.jvc@ladybirdnursery.ae, info.albarsha@ladybirdnursery.ae",https://www.ladybirdnursery.ae/,,,,,
66,keep,Ladybird Nursery Al Barsha,Al Barsha,info.albarsha@ladybirdnursery.ae,,"info.jumeirah@ladybirdnursery.ae, info.jvc@ladybirdnursery.ae, info.albarsha@ladybirdnursery.ae",https://ladybirdnursery.ae/,,,,,
65,keep,Ladybird Nursery Jumeirah,Jumeirah,info.jumeirah@ladybirdnursery.ae,,"info.jumeirah@ladybirdnursery.ae, info.jvc@ladybirdnursery.ae, info.albarsha@ladybirdnursery.ae",https://www.ladybirdnursery.ae/,,,,,
186,keep,Le Eskolar Early Childhood Center,Al Barsha,info@leeskolar.com,,info@leeskolar.com,http://www.leeskolar.com/,,,,,
315,keep,Le Jardin Enchanté Dubai,Al Manara,lejardinenchante7@gmail.com,,lejardinenchante7@gmail.com,http://www.ljenursery.com/,,,,,
210,keep,Le Petit Poucet Nursery and Kindergarten,Al Safa,info@lepetitpoucet.ae,,info@lepetitpoucet.ae,https://lppn.ae/,,,,,
45,keep,Leads Early Childhood Center,Nad Al Hamar,info@leadsnursery.com,,info@leadsnursery.com,http://www.leadsnursery.com/,,,,,
194,keep,Learning Tree Nursery Dubai,Business Bay,admissions@learningtree.ae,,"opertations@learningtree.ae, admissions@learningtree.ae, hr@learningtree.ae, operations@learningtree.ae",https://learningtreedubai.com/,,,,,
132,keep,Little Angel Nursery,Jumeirah,admin@littleangeldxb.ae,,"admin@littleangeldxb.ae, admin@littleangeldxb.com",http://littleangel.bizonline.ae/,,,,,
25,keep,Little Circle Early Childhood Centre,Al Twar,info@littlecirclenursery.ae,,info@littlecirclenursery.ae,https://littlecirclenursery.ae/,,,,,
84,keep,Little Diamond Nursery - Al Mankhool,Al Mankhool,admissions@littlediamondnursery.ae,,admissions@littlediamondnursery.ae,http://www.littlediamondnursery.ae/,,,,,
136,keep,Little Diamond Nursery Arjan - Nursery in Arjan,Arjan,admissions@littlediamondnursery.ae,,admissions@littlediamondnursery.ae,https://www.littlediamondnursery.ae/branches/nursery-in-arjan,,,,,
74,keep,Little Diamond Nursery Mina Rashid - Nursery in Mina Rashid,Al Mankhool,admissions@littlediamondnursery.ae,,admissions@littlediamondnursery.ae,https://www.littlediamondnursery.ae/branches/nursery-in-mina-rashid,,,,,
427,keep,Little Diamond Nursery The Gardens - Nursery in The Gardens,Discovery Gardens,admissions@littlediamondnursery.ae,,admissions@littlediamondnursery.ae,https://www.littlediamondnursery.ae/branches/nursery-in-the-gardens,,,,,
227,keep,Little Elly - International Nursery in Dubai,Mirdif,oakleaf.dubai@littleelly.ae,,oakleaf.dubai@littleelly.ae,https://littleelly.ae/,,,,,
146,keep,Little Explorers Nursery,Nad Al Hamar,principal@wistedu.com,,principal@wistedu.com,https://littleexplorers.ae/,,,,,
17,keep,Little Hearts Nursery,Al Mamzar,info@littleheartsdubai.com,,info@littleheartsdubai.com,http://www.littleheartsdubai.com/,,,,,
72,keep,Little Lambs Nursery | Affordable Nursery in Al Mankhool | Best Nursery in Dubai,Al Mankhool,info@nurserylittlelambs.com,,info@nurserylittlelambs.com,https://www.nurserylittlelambs.com/,,,,,
28,keep,Little Lambs Nursery | Al Nahda1 | Dubai,Al Nahda,receptionalnahda@nurserylittlelambs.com,,"info@nurserylittlelambs.com, receptionalnahda@nurserylittlelambs.com",https://www.nurserylittlelambs.com/branches,,,,,
137,keep,Little Land Nursery & Montessori Centre,Umm Suqeim,info@littlelandnursery.com,,info@littlelandnursery.com,https://www.littlelandnursery.com/,,,,,
317,keep,Little Learners Nursery,Al Manara,info@littlelearnersuae.com,,info@littlelearnersuae.com,https://littlelearnersuae.com/,,,,,
58,keep,Little Nest Nursery,Al Jafiliya,littlenestnursery@hotmail.com,,littlenestnursery@hotmail.com,http://www.littlenestnursery.ae/,,,,,
79,keep,Little Wonders Nursery Bur Dubai,Al Mankhool,manager@littlewondersecc.com,,manager@littlewondersecc.com,https://littlewondersecc.com/,,,,,
429,keep,Little Wonders Nursery DIP Branch,Dubai Investment Park,manager@littlewondersecc.com,,manager@littlewondersecc.com,https://littlewondersecc.com/,,,,,
85,keep,Little Wonders Nursery Dubai JVC,Jumeirah Village Circle,manager@littlewondersecc.com,,manager@littlewondersecc.com,https://www.littlewondersecc.com/,,,,,
13,keep,Little Wonders Nursery ECC Mamzar Al Nahda,Al Mamzar,manager@littlewondersecc.com,,manager@littlewondersecc.com,https://littlewondersecc.com/,,,,,
197,keep,Maple Bear Nursery,Al Safa,admissions@maplebeargulfschools.com,,"hr@maplebeargulfschools.com, admissions@maplebeargulfschools.com",https://www.maplebeargulfschools.com/our-location/dubai/nursery-jumeirah/,,,,,
355,keep,Maple Bear Nursery - Jumeirah Golf Estates,Jumeirah Golf Estates,admissions@maplebeargulfschools.com,,"hr@maplebeargulfschools.com, admissions@maplebeargulfschools.com",https://www.maplebeargulfschools.com/our-location/dubai/nursery-jumeirah-golf-estates/?utm_source=google&utm_medium=GMB,,,,,
213,keep,Maple Bear Nursery Arabian Ranches 3,Dubailand,admissions@maplebeargulfschools.com,,"hr@maplebeargulfschools.com, admissions@maplebeargulfschools.com",https://www.maplebeargulfschools.com/our-location/dubai/nursery-arabian-ranches-3/?utm_source=google&utm_medium=GMB,,,,,
144,keep,Maple Bear Nursery Creek Harbour,Dubai Creek Harbour,admissions@maplebeargulfschools.com,,"hr@maplebeargulfschools.com, admissions@maplebeargulfschools.com",https://www.maplebeargulfschools.com/our-location/dubai/nursery-creek-harbour/?utm_source=google&utm_medium=GMB,,,,,
345,keep,Maple Bear Nursery JBR,Jumeirah Beach Residence,admissions@maplebeargulfschools.com,,"hr@maplebeargulfschools.com, admissions@maplebeargulfschools.com",https://www.maplebeargulfschools.com/our-location/dubai/nursery-jbr/?utm_source=google&utm_medium=GMB,,,,,
415,keep,Maple Bear Nursery Meydan - Nad Al Sheba Gardens,Nad Al Sheba,admissions@maplebeargulfschools.com,,"hr@maplebeargulfschools.com, admissions@maplebeargulfschools.com",https://www.maplebeargulfschools.com/our-location/dubai/nursery-meydan/?utm_source=google&utm_medium=GMB,,,,,
195,keep,Maple Bear Nursery Sobha Hartland,Nad Al Sheba,admissions@maplebeargulfschools.com,,"hr@maplebeargulfschools.com, admissions@maplebeargulfschools.com",https://www.maplebeargulfschools.com/our-location/dubai/nursery-sobha-hartland/?utm_source=google&utm_medium=GMB,,,,,
461,keep,Maple Bear Nursery The Valley,,admissions@maplebeargulfschools.com,,"hr@maplebeargulfschools.com, admissions@maplebeargulfschools.com",https://www.maplebeargulfschools.com/our-location/dubai/nursery-the-valley/?utm_source=google&utm_medium=GMB,,,,,
408,keep,Maple Bear Nursery Town Square,Town Square,admissions@maplebeargulfschools.com,,"hr@maplebeargulfschools.com, admissions@maplebeargulfschools.com",https://www.maplebeargulfschools.com/our-location/dubai/nursery-town-square/?utm_source=google&utm_medium=GMB,,,,,
91,keep,Maple Bear Nursery Wasl 1,Al Jafiliya,admissions@maplebeargulfschools.com,,"hr@maplebeargulfschools.com, admissions@maplebeargulfschools.com",https://www.maplebeargulfschools.com/our-location/dubai/nursery-wasl1/?utm_source=google&utm_medium=GMB,,,,,
57,keep,Marigold Early Learning Centre,Al Satwa,hi@marigoldnursery.com,,hi@marigoldnursery.com,https://marigoldnursery.com/,,,,,
358,keep,Masterminds Early Learning Center,Umm Suqeim,admissions@masterminds.ae,,admissions@masterminds.ae,http://www.masterminds.ae/,,,,,
99,keep,Miles of Smiles Nursery,Oud Metha,info@milesofsmiles.ae,,"info@milesofsmiles.ae, management.om@milesofsmiles.ae",https://milesofsmiles.ae/oud-metha/,,,,,
368,keep,Miles Of Smiles Nursery,Al Barsha,info@milesofsmiles.ae,,info@milesofsmiles.ae,https://milesofsmiles.ae/al-barsha/,,,,,
384,keep,Miles of Smiles Nursery,Dubailand,info@milesofsmiles.ae,,info@milesofsmiles.ae,https://milesofsmiles.ae/,,,,,
223,keep,Mosaic Nursery JLT,Jumeirah Lake Towers,operations@mosaicnursery.com,,operations@mosaicnursery.com,http://www.mosaicnursery.com/,,,,,
375,keep,Mouse House Nursery,Umm Suqeim,mousehousenursery@gmail.com,,mousehousenursery@gmail.com,https://mousehouse.ae/,,,,,
196,keep,My Circle Early Childhood Centre,Nad Al Sheba,info@mycircle.ae,,info@mycircle.ae,https://www.mycircle.ae/,,,,,
301,keep,My Nursery حضانتي,Al Wasl,info@mynurserydubai.com,,info@mynurserydubai.com,https://mynurserydubai.com/,,,,,
56,keep,New Dubai Nursery Early Learning Center,Al Mankhool,ndn@eim.ae,,ndn@eim.ae,http://www.earlyyearsedugrp.com/,,,,,
172,keep,New World Early Childhood Centre,Al Manara,almanara@newworld-uae.com,,almanara@newworld-uae.com,https://newworld-uae.com/,,,,,
271,keep,Numu Nursery Al Khawaneej,Al Khawaneej,info@numunursery.com,,info@numunursery.com,https://numunursery.com/,,,,,
279,keep,Numu Nursery Business Bay,Business Bay,info@numunursery.com,,info@numunursery.com,https://numunursery.com/,,,,,
417,keep,Numu Nursery Nad Al Sheba,Nad Al Sheba,info@numunursery.com,,info@numunursery.com,https://numunursery.com/,,,,,
458,keep,Numu Nursery Nshama Town Square,Town Square,info@numunursery.com,,info@numunursery.com,https://numunursery.com/,,,,,
403,keep,Odyssey Nursery - Living Legends - Dubai,Dubailand,info-livinglegends@odysseynursery.com,,"register@odysseynursery.com, info-alsaadiyat@odysseynursery.com, info-westyas@odysseynursery.com, info-alzeina@odysseynursery.com, info@odysseynursery.com, info-livinglegends@odysseynursery.com, info-jbr@odysseynursery.com, info-meydan@odysseynursery.com, info-szr@odysseynursery.com, info-abudhabi@odysseynursery.com, info-mushrif@odysseynursery.com",http://www.odysseynursery.com/,,,,,
329,keep,Odyssey Nursery - Umm Suqeim - Dubai,Umm Suqeim,info@odysseynursery.com,,"register@odysseynursery.com, info-alsaadiyat@odysseynursery.com, info-westyas@odysseynursery.com, info-alzeina@odysseynursery.com, info@odysseynursery.com, info-livinglegends@odysseynursery.com, info-jbr@odysseynursery.com, info-meydan@odysseynursery.com, info-szr@odysseynursery.com, info-abudhabi@odysseynursery.com, info-mushrif@odysseynursery.com",http://www.odysseynursery.com/,,,,,
70,keep,Odyssey Nursery City Walk,Al Satwa,info@odysseynursery.com,,"register@odysseynursery.com, info-alsaadiyat@odysseynursery.com, info-westyas@odysseynursery.com, info-alzeina@odysseynursery.com, info@odysseynursery.com, info-livinglegends@odysseynursery.com, info-jbr@odysseynursery.com, info-meydan@odysseynursery.com, info-szr@odysseynursery.com, info-abudhabi@odysseynursery.com, info-mushrif@odysseynursery.com",http://www.odysseynursery.com/,,,,,
217,keep,Odyssey Nursery Jumeirah Beach Residence- Rimal 5,Jumeirah Beach Residence,info-jbr@odysseynursery.com,,"register@odysseynursery.com, info-alsaadiyat@odysseynursery.com, info-westyas@odysseynursery.com, info-alzeina@odysseynursery.com, info@odysseynursery.com, info-livinglegends@odysseynursery.com, info-jbr@odysseynursery.com, info-meydan@odysseynursery.com, info-szr@odysseynursery.com, info-abudhabi@odysseynursery.com, info-mushrif@odysseynursery.com",http://www.odysseynursery.com/,,,,,
318,keep,Odyssey Nursery Meydan District One,Meydan,info-meydan@odysseynursery.com,,"register@odysseynursery.com, info-alsaadiyat@odysseynursery.com, info-westyas@odysseynursery.com, info-alzeina@odysseynursery.com, info@odysseynursery.com, info-livinglegends@odysseynursery.com, info-jbr@odysseynursery.com, info-meydan@odysseynursery.com, info-szr@odysseynursery.com, info-abudhabi@odysseynursery.com, info-mushrif@odysseynursery.com",http://www.odysseynursery.com/,,,,,
75,keep,Ora - Nursery of the Future,Jumeirah,info@ora.ae,,info@ora.ae,https://www.ora.ae/,,,,,
21,keep,ORCHID NURSERY,Hor Al Anz,orchidnurseryuae1@gmail.com,,orchidnurseryuae1@gmail.com,https://orchidnursery.ae/,,,,,
154,keep,Oriental Wise Nursery Dubai 迪拜中慧双语幼儿园,International City,admissions@oweccdubai.com,,admissions@oweccdubai.com,https://www.oweccdubai.com/,,,,,
10,keep,Paddington Park Early Childhood Center,Arjan,info@paddingtonparkdubai.com,,info@paddingtonparkdubai.com,https://paddingtonparkdubai.com/?utm_source=gbp&utm_medium=listing&utm_campaign=ay2627,,,,,
3,keep,Pioneer Children Nursery,Abu Hail,info@pioneernursery.ae,,info@pioneernursery.ae,https://pioneernursery.ae/book-a-tour/,,,,,
256,keep,Pippen Park Nursery - Dubai Branch,Al Warqa,info@pippenpark.ae,,info@pippenpark.ae,http://www.pippenpark.ae/,,,,,
114,keep,PlayHouse Nursery - MIRDIF HILLS,Mirdif,dubaibranch@playhousenursery.ae,,"mainbranch@playhousenursery.ae, branch1@playhousenursery.ae, dubaibranch@playhousenursery.ae",http://www.playhousenursery.ae/,,,,,
81,keep,"Pristine Rainbow Nursery - Healthcare City, Oud Metha",Oud Metha,info@pristinerainbow.com,,info@pristinerainbow.com,http://pristinerainbow.com/,,,,,
192,keep,Qudrability - Early Learning Centre,Arjan,info@qudrability.com,,info@qudrability.com,https://www.qudrability.com/,,,,,
131,keep,Raffles Early Childhood Centre Arabian Ranches,Arabian Ranches,ranches@rafflesecc.com,,"ranches@rafflesecc.com, accounts@rafflesecc.com",https://www.rafflesecc.com/arabian-ranches,,,,,
122,keep,Raffles Early Childhood Centre Dubai Marina,Dubai Marina,dubaimarina@rafflesecc.com,,"dubaimarina@rafflesecc.com, accounts@rafflesecc.com",https://www.rafflesecc.com/dubai-marina,,,,,
187,keep,Raffles Early Childhood Centre Lakes 2,The Lakes,lakes2@rafflesecc.com,,"lakes2@rafflesecc.com, accounts@rafflesecc.com",https://www.rafflesecc.com/lakes2,,,,,
119,keep,Raffles Early Childhood Centre Meadows,The Meadows,meadows@rafflesecc.com,,"meadows@rafflesecc.com, accounts@rafflesecc.com",https://www.rafflesecc.com/meadows,,,,,
120,keep,Raffles Early Childhood Centre Springs,The Springs,springs@rafflesecc.com,,"springs@rafflesecc.com, accounts@rafflesecc.com",https://www.rafflesecc.com/springs,,,,,
225,keep,Rainbow Valley Nursery JLT,Jumeirah Lake Towers,info@rainbowvalleynursery.com,,info@rainbowvalleynursery.com,https://rainbowvalleynursery.com/?utm_source=Google&utm_medium=GMB&utm_campaign=GMB,,,,,
447,keep,Ranches Nursery,Arabian Ranches,admissions@rpsdubai.com,,admissions@rpsdubai.com,https://www.rpsdubai.com/ranches-nursery/our-nursery,,,,,
356,keep,Redwood Center of Excellence - Al Barsha 2,Al Barsha,info@redwoodcoe.com,,info@redwoodcoe.com,https://www.redwoodcoe.com/,,,,,
439,keep,Redwood Montessori Nursery - Al Furjan,Jebel Ali,info.furjan@theredwoodnursery.com,,"register@theredwoodnursery.com, info.tilalalghaf@theredwoodnursery.com, info.noya@theredwoodnursery.com, info.mbz@theredwoodnursery.com, info.saadiyat.island@theredwoodnursery.com, info.alwaab@theredwoodnursery.com, info.alnahyan@theredwoodnursery.com, info.marina@theredwoodnursery.com, info.shams@theredwoodnursery.com, info.furjan@theredwoodnursery.com, info.mushrif@theredwoodnursery.com, info.khalifa.city@theredwoodnursery.com, info.reemisland@theredwoodnursery.com, info.jumeirahpark@theredwoodnursery.com, info.dafna@theredwoodnursery.com, info.garhoud@theredwoodnursery.com, info.palmdubai@theredwoodnursery.com, info.albateen@theredwoodnursery.com",https://www.theredwoodnursery.com/,,,,,
135,keep,Redwood Montessori Nursery - Garhoud - Dubai,Al Garhoud,info.garhoud@theredwoodnursery.com,,"register@theredwoodnursery.com, info.tilalalghaf@theredwoodnursery.com, info.noya@theredwoodnursery.com, info.mbz@theredwoodnursery.com, info.saadiyat.island@theredwoodnursery.com, info.alwaab@theredwoodnursery.com, info.alnahyan@theredwoodnursery.com, info.marina@theredwoodnursery.com, info.shams@theredwoodnursery.com, info.furjan@theredwoodnursery.com, info.mushrif@theredwoodnursery.com, info.khalifa.city@theredwoodnursery.com, info.reemisland@theredwoodnursery.com, info.jumeirahpark@theredwoodnursery.com, info.dafna@theredwoodnursery.com, info.garhoud@theredwoodnursery.com, info.palmdubai@theredwoodnursery.com, info.albateen@theredwoodnursery.com",http://www.theredwoodnursery.com/,,,,,
346,keep,Redwood Montessori Nursery - Golden Mile 8 Palm,Palm Jumeirah,info.palmdubai@theredwoodnursery.com,,"register@theredwoodnursery.com, info.tilalalghaf@theredwoodnursery.com, info.noya@theredwoodnursery.com, info.mbz@theredwoodnursery.com, info.saadiyat.island@theredwoodnursery.com, info.alwaab@theredwoodnursery.com, info.alnahyan@theredwoodnursery.com, info.marina@theredwoodnursery.com, info.shams@theredwoodnursery.com, info.furjan@theredwoodnursery.com, info.mushrif@theredwoodnursery.com, info.khalifa.city@theredwoodnursery.com, info.reemisland@theredwoodnursery.com, info.jumeirahpark@theredwoodnursery.com, info.dafna@theredwoodnursery.com, info.garhoud@theredwoodnursery.com, info.palmdubai@theredwoodnursery.com, info.albateen@theredwoodnursery.com",http://www.theredwoodnursery.com/,,,,,
338,keep,Redwood Montessori Nursery - Jumeirah Park,Jumeirah Park,info.jumeirahpark@theredwoodnursery.com,,"register@theredwoodnursery.com, info.tilalalghaf@theredwoodnursery.com, info.noya@theredwoodnursery.com, info.mbz@theredwoodnursery.com, info.saadiyat.island@theredwoodnursery.com, info.alwaab@theredwoodnursery.com, info.alnahyan@theredwoodnursery.com, info.marina@theredwoodnursery.com, info.shams@theredwoodnursery.com, info.furjan@theredwoodnursery.com, info.mushrif@theredwoodnursery.com, info.khalifa.city@theredwoodnursery.com, info.reemisland@theredwoodnursery.com, info.jumeirahpark@theredwoodnursery.com, info.dafna@theredwoodnursery.com, info.garhoud@theredwoodnursery.com, info.palmdubai@theredwoodnursery.com, info.albateen@theredwoodnursery.com",http://www.theredwoodnursery.com/,,,,,
445,keep,Redwood Montessori Nursery - Tilal Al Ghaf,Dubai Sports City,info.tilalalghaf@theredwoodnursery.com,,"register@theredwoodnursery.com, info.tilalalghaf@theredwoodnursery.com, info.noya@theredwoodnursery.com, info.mbz@theredwoodnursery.com, info.saadiyat.island@theredwoodnursery.com, info.alwaab@theredwoodnursery.com, info.alnahyan@theredwoodnursery.com, info.marina@theredwoodnursery.com, info.shams@theredwoodnursery.com, info.furjan@theredwoodnursery.com, info.mushrif@theredwoodnursery.com, info.khalifa.city@theredwoodnursery.com, info.reemisland@theredwoodnursery.com, info.jumeirahpark@theredwoodnursery.com, info.dafna@theredwoodnursery.com, info.garhoud@theredwoodnursery.com, info.palmdubai@theredwoodnursery.com, info.albateen@theredwoodnursery.com",https://www.theredwoodnursery.com/,,,,,
232,keep,Revere Montessori Preschool,Al Manara,info@reveremontessori.com,,info@reveremontessori.com,http://reveremontessori.com/,,,,,
173,keep,Roots Montessori Nursery IMPZ,Dubai Production City,info@rootsmontessori.uae,,"info@kidsworlduae.com, info@rootsmontessori.uae",https://www.rootsmontessoriuae.com/,,,,,
141,keep,Roots Montessori Nursery International City,International City,info@rootsmontessori.uae,,"info@kidsworlduae.com, info@rootsmontessori.uae",https://www.rootsmontessoriuae.com/,,,,,
231,keep,Roots Montessori Nursery JVC,Jumeirah Village Circle,info@rootsmontessori.uae,,"info@kidsworlduae.com, info@rootsmontessori.uae",https://www.rootsmontessoriuae.com/,,,,,
153,keep,Royati Nursery,Nad Al Hamar,info@royatinursery.com,,info@royatinursery.com,https://royatinursery.com/,,,,,
133,keep,Safa Early Learning Centre,Al Wasl,jumeirah@safaelc.ae,,"albadaa@safaelc.ae, jumeirah@safaelc.ae, 3429575jumeirah@safaelc.ae",https://www.safaelc.ae/,,,,,
54,keep,Safa Early Learning Centre- Branch,Al Satwa,albadaa@safaelc.ae,,"albadaa@safaelc.ae, jumeirah@safaelc.ae, 3429575jumeirah@safaelc.ae",http://www.safaelc.ae/,,,,,
300,keep,Sand and Sea Montessori,Al Satwa,info@sandandseamontessori.com,,"info@sandandseamontessori.com, visitor+971505426474info@sandandseamontessori.com, hr@sandandseamontessori.com",https://sandandseamontessori.com/,,,,,
150,keep,Sandcastle Nursery,Al Satwa,info@sandcastlenursery.com,,info@sandcastlenursery.com,http://www.sandcastlenursery.com/,,,,,
443,keep,Savvy Juniors Nursery,Dubai Sports City,savvyjuniors.ae@gmail.com,,savvyjuniors.ae@gmail.com,https://savvyjuniors.ae/,,,,,
367,keep,Senses,Umm Suqeim,info@sensescenter.ae,,info@sensescenter.ae,https://www.sensescenter.ae/,,,,,
20,keep,Singing Birds Nursery,Al Nahda,singingbirdsnursery.anna@gmail.com,,singingbirdsnursery.anna@gmail.com,https://www.singingbirdsnursery.ae/,,,,,
387,keep,Spark and Grow Early Learning Center,Barsha Heights,info@sparkandgrow.ae,,info@sparkandgrow.ae,https://www.sparkandgrow.ae/,,,,,
1,keep,Spectrum Nursery,Abu Hail,spectrumnursery@gmail.com,,spectrumnursery@gmail.com,http://www.spectrumnursery.com/,,,,,
362,keep,Star smiles Nursery,Jumeirah Village Circle,info@starsmilesnursery.ae,,info@starsmilesnursery.ae,https://www.starsmilesnursery.ae/,,,,,
351,keep,Step By Step Nursery - Dubailand - Dubai,Dubailand,contact@stepbystepnursery.ae,,"contact@stepbystepnursery.ae, manager@stepbystepnursery.ae",https://stepbystepnursery.ae/location/dubailand-nursery-preschool/,,,,,
308,keep,Step By Step Nursery - Jumeirah - Dubai,Al Safa,contact@stepbystepnursery.ae,,"contact@stepbystepnursery.ae, manager@stepbystepnursery.ae",https://stepbystepnursery.ae/location/step-by-step-kids-nursery-in-jumeirah/,,,,,
214,keep,Step By Step Nursery - Mirdif - Dubai,Mirdif,contact@stepbystepnursery.ae,,"contact@stepbystepnursery.ae, manager@stepbystepnursery.ae",https://stepbystepnursery.ae/location/mirdif-nursery-preschool/,,,,,
310,keep,Step By Step Nursery - Umm Suqeim - Dubai,Al Manara,contact@stepbystepnursery.ae,,"contact@stepbystepnursery.ae, manager@stepbystepnursery.ae",https://stepbystepnursery.ae/location/umm-suqeim-nursery-preschool/,,,,,
69,keep,Tappy Toes Nursery - Al Karama,Al Karama,info@tappytoesnursery.com,,"info.ds@tappytoesnursery.com, info@tappytoesnursery.com, info.aj@tappytoesnursery.com, info.fjm@tappytoesnursery.com",https://www.tappytoesnursery.com/nursery-in-karama/,,,,,
292,keep,Tappy Toes Nursery - Dubai South,Dubai South,info.ds@tappytoesnursery.com,,"info.ds@tappytoesnursery.com, info@tappytoesnursery.com, info.aj@tappytoesnursery.com, info.fjm@tappytoesnursery.com",https://www.tappytoesnursery.com/nursery-in-dubai-south/,,,,,
391,keep,Terra Kids Nursery Marina Branch,Dubai Marina,info@terrakids.ae,,"hr@terrakids.ae, info@terrakids.ae",https://terrakids.ae/,,,,,
7,keep,The Curiosity Montessori Nursery,Al Mamzar,info@thecuriosity.ae,,info@thecuriosity.ae,https://thecuriosity.ae/,,,,,
53,keep,THE HOUSE OF LEARNING - Early Childhood Center,Dubai Marina,admin@thehouseoflearning.me,,admin@thehouseoflearning.me,https://www.thehouseoflearning.me/,,,,,
382,keep,"The Wonder Years Early Childhood Centre - Remraam Community, Dubai",Remraam,admin.remraam@wonderyearsecc.com,,"admin.remraam@wonderyearsecc.com, admin.sportscity@wonderyearsecc.com",https://wonderyearsecc.com/,,,,,
139,keep,The Wonder Years Early Childhood Centre – Dubai Sports City,Dubai Sports City,admin.sportscity@wonderyearsecc.com,,"admin.remraam@wonderyearsecc.com, admin.sportscity@wonderyearsecc.com",https://wonderyearsecc.com/,,,,,
202,keep,Three Little fingers Learning Center,Jumeirah Lake Towers,info@threelittlefingers.net,,info@threelittlefingers.net,http://threelittlefingers.net/,,,,,
2,keep,Tiny Tots Nursery,Abu Hail,tinytotsdubai@gmail.com,,tinytotsdubai@gmail.com,https://www.tinytotsdubai.com/,,,,,
293,keep,Toddler Town British Nursery JBR,Dubai Marina,jbr@toddlertown.ae,,"jbr@toddlertown.ae, downtown@toddlertown.ae",http://www.toddlertown.ae/,,,,,
302,keep,"Toddler Town British Nursery, Downtown Dubai",Downtown Dubai,downtown@toddlertown.ae,,"jbr@toddlertown.ae, downtown@toddlertown.ae",https://toddlertown.ae/,,,,,
235,keep,Together We Montessori,Al Barsha South,manager@togetherwemontessori.com,,manager@togetherwemontessori.com,https://togetherwemontessori.com/,,,,,
27,keep,Twinkling Stars Early Childhood Center,Muhaisnah,info@twinklingstarsnursery.com,,info@twinklingstarsnursery.com,https://www.twinklingstarsnursery.com/,,,,,
376,keep,Unicorn Universe Nursery,Dubai Marina,info@unicorn.study,,info@unicorn.study,http://www.unicorn.study/,,,,,
180,keep,VIK Montessori Nursery,Al Wasl,info@vikmontessorinursery.ae,,info@vikmontessorinursery.ae,http://www.vikmontessorinursery.ae/,,,,,
148,keep,Westfield Nursery,Al Wasl,info@westfieldnursery.ae,,info@westfieldnursery.ae,https://www.westfieldnursery.ae/,,,,,
222,keep,Willow Children's Nursery - Dubai Marina - Dubai,Dubai Marina,register@willowchildrensnursery.com,,"register@willowchildrensnursery.com, admin-onecentral@willowchildrensnursery.com, admin@willowchildrensnursery.com",http://willowchildrensnursery.com/,,,,,
162,keep,Willow Children’s Nursery - Umm Suqeim - Dubai,Umm Suqeim,register@willowchildrensnursery.com,,"register@willowchildrensnursery.com, admin-onecentral@willowchildrensnursery.com, admin@willowchildrensnursery.com",http://willowchildrensnursery.com/,,,,,
418,keep,Winsome Tots Nursery,Dubai Silicon Oasis,hello@winsometotsnursery.com,,hello@winsometotsnursery.com,https://winsometotsnursery.com/,,,,,
88,keep,WizKidz Nursery Dubai,Al Jaddaf,info@wizkidz.ae,,info@wizkidz.ae,https://www.wizkidz.ae/,,,,,
23,keep,World Nursery,Al Twar,worldnur@emirates.net.ae,,worldnur@emirates.net.ae,http://www.worldnurserydubai.com/,,,,,
59,keep,Yellow Kite Nursery (Formerly Kangaroo Kids) | EYFS | British Nursery in Dubai | Kindergarten | Preschool,Al Safa,operations@yellowkitenursery.com,,operations@yellowkitenursery.com,https://yellowkitenursery.com/,,,,,
