id,decision,reason_or_question,name,new_name,listing_type,google_category,area,sub_area,rating,reviews,phone,email,other_emails_on_site,website,google_maps,ages_from,ages_to,curriculum,licensed_by,evidence_ages,evidence_curriculum,evidence_licence,details_source,notes
1256,remove,"'Zessam', 1 review, no website - unclear what it is",Zessam,,preschool,Preschool,Al Faseel,,5,1,+971 56 978 7445,,,,"https://www.google.com/maps/place/Zessam/@25.137258,56.3529888,17z/data=!3m1!4b1!4m6!3m5!1s0x3ef4f9d4e7de2d35:0x6c6170d196d93ffa!8m2!3d25.137258!4d56.3529888!16s%2Fg%2F11r_n7f1d2?authuser=0&hl=en&entry=ttu&g_ep=EgoyMDI2MTAwNS4wIKXMDSoASAFQAw%3D%3D",,,,,,,,,
1264,remove,"probably the same nursery as 1251 Kinderland nursery (كيندر لاند = Kinderland, both Al Faseel)",حضانة كيندر لاند,,preschool,Kindergarten,Al Faseel,,3.7,3,,,,,"https://www.google.com/maps/place/%D8%AD%D8%B6%D8%A7%D9%86%D8%A9+%D9%83%D9%8A%D9%86%D8%AF%D8%B1+%D9%84%D8%A7%D9%86%D8%AF%E2%80%AD/@25.1475052,56.3546672,17z/data=!3m1!4b1!4m6!3m5!1s0x3ef4570032987663:0xf632faec131591!8m2!3d25.1475052!4d56.3546672!16s%2Fg%2F11ln7b_7jc?authuser=0&hl=en&entry=ttu&g_ep=EgoyMDI2MTAwNS4wIKXMDSoASAFQAw%3D%3D",,,,,,,,,
1260,remove,"named 'Happy Jump Ajman' (حضانة هبي جمب عجمان) but placed in Fujairah, 2 reviews - a real branch?",حضانة هبي جمب عجمان,,preschool,Nursery school,Al Faseel,,3,2,,,,,"https://www.google.com/maps/place/%D8%AD%D8%B6%D8%A7%D9%86%D8%A9+%D9%87%D8%A8%D9%8A+%D8%AC%D9%85%D8%A8+%D8%B9%D8%AC%D9%85%D8%A7%D9%86%E2%80%AD/@25.1453755,56.3449364,17z/data=!3m1!4b1!4m6!3m5!1s0x3ef457d638bf2205:0x9333886b517027e2!8m2!3d25.1453755!4d56.3449364!16s%2Fg%2F11c1l9wb6c?authuser=0&hl=en&entry=ttu&g_ep=EgoyMDI2MTAwNS4wIKXMDSoASAFQAw%3D%3D",,,,,,,,,
1259,remove,probably the same kindergarten as 1261 Al Sharq Kindergarten (روضة الشرق = Al Sharq KG),روضة الشرق,,preschool,Preschool,Al Faseel,,5,1,+971 50 008 8077,,,,https://www.google.com/maps/place/%D8%B1%D9%88%D8%B6%D8%A9+%D8%A7%D9%84%D8%B4%D8%B1%D9%82%E2%80%AD/data=!4m7!3m6!1s0x3ef457d841158d1d:0xcb64d5cef2890254!8m2!3d25.1469775!4d56.3505004!16s%2Fg%2F11fy9bkbll!19sChIJHY0VQdhX9D4RVAKJ8s7VZMs?authuser=0&hl=en&g_ep=EgoyMDI2MTAwNS4wIJJjKgBIAVAD&rclk=1,,,,,,,,,
1263,remove,"no reviews, no website (Abu Dhabi rule)",ZoomiloToons,,preschool,Preschool,Merashid,,,0,+971 55 818 8188,,,,"https://www.google.com/maps/place/ZoomiloToons/@25.1220701,56.3345481,17z/data=!3m1!4b1!4m6!3m5!1s0x3ef4f92f62b75159:0xbbad3a53e387c0c5!8m2!3d25.1220701!4d56.3345481!16s%2Fg%2F11zy50t73s?authuser=0&hl=en&entry=ttu&g_ep=EgoyMDI2MTAwNS4wIKXMDSoASAFQAw%3D%3D",,,,,,,,,
1248,keep,,Fujairah Montessori Nursery,,preschool,Montessori preschool,Al Faseel,,4.6,40,+971 9 223 8851,info@fujairahmontessori.com,fujairahmontessori@gmail.com,http://www.fujairahmontessori.com/,https://www.google.com/maps/place/Fujairah+Montessori+Nursery/data=!4m7!3m6!1s0x3ef457d874d11c8f:0x5832c0ac8bfaf57b!8m2!3d25.1455312!4d56.3504266!16s%2Fg%2F11c5rtz4gn!19sChIJjxzRdNhX9D4Re_X6i6zAMlg?authuser=0&hl=en&g_ep=EgoyMDI2MTAwNS4wIJJjKgBIAVAD&rclk=1,,5 years,Montessori,,exceptional care and education for children aged 0 to 5 years,We follow the Montessori curriculum based on the theory of Dr. Maria Montessori.,,http://www.fujairahmontessori.com/,
1251,keep,,Kinderland nursery حضانة كندرلاند,,preschool,Nursery school,Al Faseel,,5,25,+971 9 256 5555,,,,"https://www.google.com/maps/place/Kinderland+nursery+%D8%AD%D8%B6%D8%A7%D9%86%D8%A9+%D9%83%D9%86%D8%AF%D8%B1%D9%84%D8%A7%D9%86%D8%AF%E2%80%AD/@25.1453766,56.3449288,17z/data=!3m1!4b1!4m6!3m5!1s0x3ef45762d8a12a5d:0xe1b0b2a98d7fda4b!8m2!3d25.1453766!4d56.3449288!16s%2Fg%2F11lc_qvwws?authuser=0&hl=en&entry=ttu&g_ep=EgoyMDI2MTAwNS4wIKXMDSoASAFQAw%3D%3D",,,,,,,,,
1250,keep,,Super Baby Nursery,,preschool,Nursery school,Al Faseel,,4.1,35,+971 9 222 7126,,,,https://www.google.com/maps/place/Super+Baby+Nursery/data=!4m7!3m6!1s0x3ef4f876c0efcc33:0x5aa02b39d8b72f7f!8m2!3d25.1422887!4d56.3529104!16s%2Fg%2F11bw46pv7v!19sChIJM8zvwHb49D4Rfy-32DkroFo?authuser=0&hl=en&g_ep=EgoyMDI2MTAwNS4wIJJjKgBIAVAD&rclk=1,,,,,,,,,
1255,keep,,حضانة مريانا MRYANA NURSERY,,preschool,Kindergarten,Al Faseel,,4.4,15,+971 50 380 4342,,,https://www.instagram.com/mryana_nursery/,https://www.google.com/maps/place/%D8%AD%D8%B6%D8%A7%D9%86%D8%A9+%D9%85%D8%B1%D9%8A%D8%A7%D9%86%D8%A7+MRYANA+NURSERY%E2%80%AD/data=!4m7!3m6!1s0x3ef457e561a88c8b:0xa3086cdd469e7f05!8m2!3d25.1442858!4d56.3449765!16s%2Fg%2F11lrgdtjf3!19sChIJi4yoYeVX9D4RBX-eRt1sCKM?authuser=0&hl=en&g_ep=EgoyMDI2MTAwNS4wIJJjKgBIAVAD&rclk=1,,,,,,,,,
1261,keep,,Al Sharq Kindergarten,,preschool,Kindergarten,Al Mahatta,,4.1,10,+971 9 202 4750,,,,"https://www.google.com/maps/place/Al+Sharq+Kindergarten/@25.1315056,56.3358345,17z/data=!3m1!4b1!4m6!3m5!1s0x3ef4f887dec9e207:0xab498d1cf498534e!8m2!3d25.1315056!4d56.3358345!16s%2Fg%2F11bbwqjhxb?authuser=0&hl=en&entry=ttu&g_ep=EgoyMDI2MTAwNS4wIKXMDSoASAFQAw%3D%3D",,,,,,,,,kindergarten - kept like the other emirates'
1257,keep,,Mommy and me Nursery,,preschool,Nursery school,Al Owaid,,5,9,+971 50 393 3232,,,,"https://www.google.com/maps/place/Mommy+and+me+Nursery/@25.1329217,56.3410519,17z/data=!3m1!4b1!4m6!3m5!1s0x3ef4f9770cd3d277:0x164d2e805de0eab9!8m2!3d25.1329217!4d56.3410519!16s%2Fg%2F11xvmj4xw7?authuser=0&hl=en&entry=ttu&g_ep=EgoyMDI2MTAwNS4wIKXMDSoASAFQAw%3D%3D",,,,,,,,,
1258,keep,,حضانة همسة ماما- Hamst Mama Nursery,,preschool,Kindergarten,Al Rughaylat,,4.8,22,+971 55 572 1006,,,,"https://www.google.com/maps/place/%D8%AD%D8%B6%D8%A7%D9%86%D8%A9+%D9%87%D9%85%D8%B3%D8%A9+%D9%85%D8%A7%D9%85%D8%A7-+Hamst+Mama+Nursery%E2%80%AD/@25.1070349,56.3525947,17z/data=!3m1!4b1!4m6!3m5!1s0x3ef4f953c268b58f:0x28a0aa7cddbfef31!8m2!3d25.1070349!4d56.3525947!16s%2Fg%2F11ssh6whtl?authuser=0&hl=en&entry=ttu&g_ep=EgoyMDI2MTAwNS4wIKXMDSoASAFQAw%3D%3D",,,,,,,,,
1249,keep,,Al Jalila Nursery - Fujairah,,preschool,Nursery school,Merashid,,4.6,201,+971 9 223 6393,aljalilanursery@gmail.com,,http://www.aljalilanursery.com/,"https://www.google.com/maps/place/Al+Jalila+Nursery+-+Fujairah/@25.1182377,56.3467277,17z/data=!3m1!4b1!4m6!3m5!1s0x3ef4f85c9d579841:0x4a96dfbc718a5d51!8m2!3d25.1182377!4d56.3467277!16s%2Fg%2F11clzkdh8j?authuser=0&hl=en&entry=ttu&g_ep=EgoyMDI2MTAwNS4wIKXMDSoASAFQAw%3D%3D",,4 years,Montessori,,Best Montessori Nursery in Fujairah & Masafi for Ages 0-4,"a warm, stimulating Montessori environment",,http://www.aljalilanursery.com/,
1252,keep,,Happy Days Nursery Fujairah,,preschool,Nursery school,Merashid,,4.9,81,+971 9 224 2688,,,,"https://www.google.com/maps/place/Happy+Days+Nursery+Fujairah/@25.1200318,56.340545,17z/data=!3m1!4b1!4m6!3m5!1s0x3ef4f89aadb45cc9:0xd634353b13a47a1!8m2!3d25.1200318!4d56.340545!16s%2Fg%2F11hd5_c1bh?authuser=0&hl=en&entry=ttu&g_ep=EgoyMDI2MTAwNS4wIKXMDSoASAFQAw%3D%3D",,,,,,,,,
1262,keep,,Rahman Kindergarten,,preschool,Kindergarten,Merashid,,4.2,10,+971 56 862 3685,,,https://wego.here.com/united-arab-emirates/fujairah/educational-facility/al-rahman-kindergarten--784tk2nf-088031f5a77e4e6f9344ab4808671f45,"https://www.google.com/maps/place/Rahman+Kindergarten/@25.114013,56.341232,17z/data=!3m1!4b1!4m6!3m5!1s0x3ef4f859a60be119:0x5e2f6792a76c2c8d!8m2!3d25.114013!4d56.341232!16s%2Fg%2F11b8t6brfg?authuser=0&hl=en&entry=ttu&g_ep=EgoyMDI2MTAwNS4wIKXMDSoASAFQAw%3D%3D",,,,,,,,,kindergarten; Google's website link is a map site (wego.here.com)
1254,keep,,Smartkid Nursery & Day Care centre,,daycare,Nursery school,Merashid,,4.7,22,+971 54 489 0920,,,,"https://www.google.com/maps/place/Smartkid+Nursery+%26+Day+Care+centre/@25.1206802,56.3391902,17z/data=!3m1!4b1!4m6!3m5!1s0x3ef4f85fc38b7cc3:0x908217fc2b6a89f1!8m2!3d25.1206802!4d56.3391902!16s%2Fg%2F11g9f2fnc0?authuser=0&hl=en&entry=ttu&g_ep=EgoyMDI2MTAwNS4wIKXMDSoASAFQAw%3D%3D",,,,,,,,,
1253,keep,,Tappy Toes Nursery - Merashid,,preschool,Nursery school,Merashid,,4.8,57,+971 58 996 6270,info.fjm@tappytoesnursery.com,"info.ds@tappytoesnursery.com, info@tappytoesnursery.com, info.aj@tappytoesnursery.com",https://www.tappytoesnursery.com/nursery-in-merashid-fujairah/,"https://www.google.com/maps/place/Tappy+Toes+Nursery+-+Merashid/@25.1199573,56.3418003,17z/data=!3m1!4b1!4m6!3m5!1s0x3ef4f9a0ba419081:0x6f9617c55b7307ed!8m2!3d25.1199573!4d56.3418003!16s%2Fg%2F11tx67m2pt?authuser=0&hl=en&entry=ttu&g_ep=EgoyMDI2MTAwNS4wIKXMDSoASAFQAw%3D%3D",45 days,5 years,British (EYFS),,We offer nursery and extended hours care for children aged 45 days to FS2 class.,a nursery following the British curriculum and adhering to the EYFS framework,,https://www.tappytoesnursery.com/nursery-in-merashid-fujairah/,info.fjm@ = the Fujairah (Merashid) branch
1265,keep,,Royal Baby Nursery,,preschool,Preschool,Mohamed Bin Zayed City,,5,3,+971 9 606 2340,,,,"https://www.google.com/maps/place/Royal+Baby+Nursery/@25.0833526,56.3158549,17z/data=!3m1!4b1!4m6!3m5!1s0x3ef4f945be6f9783:0xc497f23b992538c1!8m2!3d25.0833526!4d56.3158549!16s%2Fg%2F11zf2hb8_v?authuser=0&hl=en&entry=ttu&g_ep=EgoyMDI2MTAwNS4wIKXMDSoASAFQAw%3D%3D",,,,,,,,,